#,股票代號/名稱,類別,20260424,20260430,20260508,20260515,20260522,20260529,總增減,上週持有%
1,8028/昇陽半導體,半導體,9.28,-2.05,-2.85,5.74,-0.12,4.55,14.55,56.12
2,2492/華新科,電子零組件,-0.25,-0.05,4.24,5.43,1.67,2.07,13.11,72.39
3,3048/益登,電子通路,0.29,0.30,1.18,7.57,4.54,-1.10,12.78,58.11
4,2464/盟立,其他電子,8.53,4.92,-1.70,-0.89,1.77,-1.01,11.62,46.34
5,4916/事欣科,電腦週邊,2.59,-1.46,0.70,0.88,11.94,-3.13,11.52,45.03
6,2375/凱美,電子零組件,-0.04,-1.23,1.32,0.61,7.80,2.54,11.00,37.67
7,6770/力積電,半導體,-0.72,0.01,3.28,-3.42,0.18,11.58,10.91,55.46
8,2344/華邦電,半導體,0.27,0.88,3.04,3.85,-2.56,4.40,9.88,74.04
9,6141/柏承,電子零組件,0.80,-0.03,-0.40,-0.88,4.36,5.21,9.06,55.31
10,2369/菱生,半導體,-0.82,-0.01,3.37,-2.21,-0.14,8.20,8.39,39.83
11,6282/康舒,電子零組件,0.34,0.19,0.68,1.42,2.27,3.13,8.03,50.90
12,3033/威健,電子通路,1.28,1.05,3.28,2.49,-0.67,0.50,7.93,41.91
13,4906/正文,通信網路,-2.50,-0.09,2.30,1.70,1.05,5.27,7.73,35.11
14,3305/昇貿,其他電子,0.75,-1.22,1.54,3.66,-0.56,2.90,7.07,50.43
15,3704/合勤控,通信網路,0.81,0.10,0.06,0.79,2.59,2.27,6.62,62.41
16,3006/晶豪科,半導體,-0.94,1.19,2.53,7.22,-4.14,0.75,6.61,57.44
17,2351/順德,半導體,1.19,-0.10,1.12,1.79,0.74,1.79,6.53,76.37
18,6706/惠特,光電,-5.58,5.27,1.94,-3.12,2.57,5.24,6.32,41.33
19,6658/聯策,其他電子,0.21,1.33,2.18,0.05,3.00,-0.62,6.15,46.80
20,3528/安馳,電子通路,1.02,0.59,0.37,-1.48,1.39,4.26,6.15,71.07
21,6449/鈺邦,電子零組件,0.14,-0.38,1.01,3.21,2.23,-0.28,5.93,77.32
22,6206/飛捷,電腦週邊,0.19,-0.29,0.29,3.43,-0.38,2.64,5.88,54.70
23,2233/宇隆,汽車,0.29,2.17,5.57,-0.94,1.48,-2.90,5.67,58.49
24,3591/艾笛森,光電,-1.64,0.37,1.38,0.80,2.05,2.68,5.64,55.48
25,2027/大成鋼,鋼鐵,-0.74,1.22,1.15,1.13,2.30,0.58,5.64,73.12
26,8261/富鼎,半導體,1.05,-0.95,-0.35,3.73,1.33,0.79,5.60,50.99
27,2476/鉅祥,電子零組件,2.72,0.15,0.59,-0.05,1.27,0.87,5.55,63.29
28,6155/鈞寶,電子零組件,-0.73,-0.45,2.84,-2.13,1.47,4.55,5.55,65.05
29,1582/信錦,電子零組件,-1.36,-0.97,-0.23,1.81,8.59,-2.34,5.50,40.09
30,8114/振樺電,電腦週邊,1.04,-1.74,0.34,5.88,-0.17,0.09,5.44,50.75
31,2241/艾姆勒,汽車,-1.08,0.62,-0.01,-0.19,2.60,3.46,5.40,44.41
32,3016/嘉晶,半導體,2.79,1.53,1.88,0.23,-0.07,-0.99,5.37,78.44
33,3450/聯鈞,半導體,-2.11,-3.58,3.92,7.73,-0.30,-0.37,5.29,48.39
34,8438/昶昕,綠能,1.86,0.41,-0.61,2.30,0.95,0.34,5.25,84.19
35,1568/倉佑,汽車,1.03,-0.86,0.61,1.02,-0.31,3.71,5.20,67.84
36,2478/大毅,電子零組件,0.59,-0.93,1.41,1.13,5.71,-2.77,5.14,62.12
37,3090/日電貿,電子零組件,0.43,-1.43,2.88,-2.80,5.27,0.73,5.08,67.83
38,2465/麗臺,電腦週邊,1.94,-0.18,1.05,-0.18,0.15,2.22,5.00,38.49
39,2408/南亞科,半導體,0.09,2.99,1.69,0.98,-2.10,1.31,4.96,82.37
40,2243/宏旭-KY,汽車,2.96,2.43,-0.21,-0.09,-0.64,0.46,4.91,54.52
41,4571/鈞興-KY,電機,-0.03,-0.01,0.82,-0.93,5.51,-0.61,4.75,69.93
42,2428/興勤,電子零組件,0.18,0.00,0.45,1.57,1.74,0.78,4.72,65.12
43,2356/英業達,電腦週邊,0.95,0.15,0.97,1.66,0.57,0.22,4.52,73.53
44,4722/國精化,化學,0.42,0.09,2.18,1.01,1.30,-0.50,4.50,59.32
45,6834/天二科技,電子零組件,1.27,-0.05,0.93,-0.08,3.89,-1.49,4.47,70.64
46,2363/矽統,半導體,1.16,-0.56,0.34,3.40,0.35,-0.22,4.47,37.18
47,2049/上銀,電機,2.97,0.04,0.21,1.61,-0.36,-0.10,4.37,70.37
48,3661/世芯-KY,半導體,3.34,0.67,2.31,0.20,-0.64,-1.57,4.31,37.28
49,2404/漢唐,其他電子,1.42,-1.48,-0.90,0.56,2.00,2.70,4.30,53.84
50,3231/緯創,電腦週邊,2.18,0.53,1.26,-1.42,0.25,1.48,4.28,62.60
51,1516/川飛,其他,1.11,0.00,1.49,0.74,-0.11,0.95,4.18,64.05
52,3189/景碩,半導體,1.90,-0.81,-1.46,2.07,1.69,0.77,4.16,72.81
53,4555/氣立,電機,0.51,-0.03,-1.24,0.82,1.38,2.59,4.03,71.96
54,6215/和椿,其他電子,0.16,-0.44,0.05,1.15,2.52,0.55,3.99,36.20
55,2317/鴻海,其他電子,0.77,0.26,1.63,0.17,0.35,0.69,3.87,70.46
56,3209/全科,電子通路,0.61,0.35,1.01,1.11,-0.18,0.95,3.85,49.62
57,2406/國碩,光電,0.75,0.34,3.21,-0.53,-0.75,0.70,3.72,37.12
58,6414/樺漢,電腦週邊,2.14,0.03,1.65,0.90,-0.89,-0.13,3.70,65.03
59,3376/新日興,電子零組件,4.18,-2.19,0.71,-3.90,2.76,2.10,3.66,53.36
60,2438/翔耀,光電,0.00,0.01,-0.02,3.85,-0.01,-0.19,3.64,58.33
61,2376/技嘉,電腦週邊,1.20,-0.04,1.85,0.71,-0.18,0.05,3.59,69.95
62,1563/巧新,汽車,-0.05,0.37,0.56,0.63,0.14,1.92,3.57,44.72
63,2606/裕民,航運,0.39,-0.16,0.70,0.61,0.12,1.89,3.55,76.85
64,3024/憶聲,光電,1.12,0.96,0.67,-0.37,0.78,0.26,3.42,51.13
65,2401/凌陽,半導體,2.00,-1.08,0.54,0.33,2.68,-1.11,3.36,39.76
66,2338/光罩,半導體,-0.64,0.09,2.32,-2.37,1.61,2.23,3.24,50.87
67,8016/矽創,半導體,0.44,-0.53,1.80,2.15,-0.40,-0.25,3.21,44.82
68,4526/東台,電機,-0.23,-0.43,1.76,-1.29,2.04,1.32,3.17,49.91
69,7795/長廣,電子零組件,1.94,0.16,-0.76,0.40,0.05,1.37,3.16,77.96
70,3019/亞光,光電,-0.30,-0.66,0.36,2.08,-0.49,2.13,3.12,39.59
71,5284/jpp-KY,其他,-0.25,0.78,0.60,0.72,-0.51,1.71,3.05,59.84
72,8105/凌巨,光電,0.52,-0.05,0.28,0.60,0.51,1.16,3.02,64.69
73,6831/邁科,電腦週邊,1.77,-1.72,-2.20,4.60,0.59,-0.04,3.00,62.58
74,2603/長榮,航運,0.14,0.32,0.93,0.29,0.28,0.97,2.93,70.64
75,3135/凌航,半導體,0.91,-1.08,-2.81,4.15,-1.03,2.74,2.88,58.71
76,6715/嘉基,電子零組件,-0.72,0.03,2.82,0.91,0.72,-0.92,2.84,79.72
77,6226/光鼎,光電,0.84,-0.82,1.04,-0.04,-0.43,2.25,2.84,24.25
78,2328/廣宇,電子零組件,0.12,0.14,0.53,0.14,0.11,1.79,2.83,43.03
79,9136/巨騰-DR,存託憑證,-0.47,0.38,-0.15,0.00,2.17,0.88,2.81,68.10
80,2342/茂矽,半導體,0.85,0.01,5.00,-4.56,1.07,0.34,2.71,40.92
81,2312/金寶,其他電子,-2.37,0.01,-0.13,0.81,3.46,0.91,2.69,52.76
82,2399/映泰,電腦週邊,-1.04,0.81,-3.70,0.19,2.10,4.33,2.69,33.19
83,2537/聯上發,營建,0.91,-0.21,0.77,0.77,-0.16,0.59,2.67,59.01
84,6197/佳必琪,電子零組件,1.60,2.64,0.83,-1.89,1.47,-1.99,2.66,49.00
85,2303/聯電,半導體,0.98,-0.11,1.17,0.71,-0.12,0.00,2.63,78.73
86,3022/威強電,電腦週邊,0.41,-0.26,1.27,-0.03,0.39,0.82,2.60,60.11
87,3038/全台,光電,0.53,0.64,0.28,0.43,0.19,0.52,2.59,42.91
88,2405/輔信,電腦週邊,0.28,0.09,0.63,-0.09,0.64,1.03,2.58,25.09
89,3041/揚智,半導體,-0.97,0.03,0.74,0.09,1.65,1.03,2.57,25.65
90,2327/國巨*,電子零組件,-0.51,0.44,1.38,0.24,1.34,-0.35,2.54,74.80
91,2301/光寶科,電腦週邊,0.73,0.46,1.71,0.15,-0.33,-0.18,2.54,80.24
92,3057/喬鼎,電腦週邊,0.00,0.00,1.02,1.23,0.04,0.25,2.54,33.45
93,2472/立隆電,電子零組件,0.05,-1.41,0.46,-0.72,0.08,4.06,2.52,61.54
94,4155/訊映,生技醫療業,-0.01,0.00,0.57,0.31,1.09,0.52,2.48,42.99
95,8213/志超,電子零組件,1.44,-0.35,0.13,1.12,-0.29,0.41,2.46,51.55
96,2365/昆盈,電腦週邊,0.02,-0.37,0.42,0.05,1.47,0.86,2.45,24.24
97,3043/科風,其他電子,2.02,0.41,0.00,-0.06,0.16,-0.09,2.44,19.47
98,8210/勤誠,電腦週邊,2.04,-0.44,0.99,1.49,-0.02,-1.68,2.38,71.53
99,2497/怡利電,汽車,1.78,0.08,0.23,-0.40,-0.21,0.88,2.36,68.90
100,911608/明輝-DR,存託憑證,0.15,1.20,0.22,0.14,0.28,0.33,2.32,29.06
101,6202/盛群,半導體,-0.83,0.03,0.47,-0.05,1.12,1.56,2.30,37.79
102,2426/鼎元,光電,-0.82,1.72,0.16,0.20,0.30,0.68,2.24,50.69
103,6862/三集瑞-KY,電子零組件,0.00,0.00,1.16,-1.16,1.01,1.22,2.23,71.95
104,4961/天鈺,半導體,0.96,-0.36,0.28,0.54,1.17,-0.39,2.20,43.26
105,6224/聚鼎,電子零組件,0.11,-0.52,3.76,-1.14,-0.13,0.10,2.18,38.97
106,3034/聯詠,半導體,0.27,0.08,0.58,0.97,-0.31,0.55,2.14,70.63
107,3311/閎暉,通信網路,0.26,-0.42,0.85,0.10,-0.05,1.37,2.11,56.96
108,2030/彰源,鋼鐵,0.34,0.12,0.10,1.68,-0.14,-0.01,2.09,46.49
109,911868/同方友友-DR,存託憑證,0.69,0.07,1.05,0.23,0.13,-0.09,2.08,35.36
110,5283/禾聯碩,電器電纜,0.48,0.17,0.23,0.35,0.33,0.47,2.03,60.58
111,2353/宏卅卅,電腦週邊,0.12,-0.06,0.48,0.21,0.42,0.85,2.02,40.87
112,8070/長華*,電子通路,0.81,-0.12,0.49,0.05,-0.37,1.15,2.01,77.41
113,5234/達興材料,光電,1.76,-0.48,-0.92,0.37,0.11,1.16,2.00,67.87
114,6885/全福生技,生技醫療業,0.87,-0.18,0.05,0.04,0.69,0.52,1.99,37.47
115,3011/今皓,電子零組件,1.91,-0.09,-0.45,0.00,0.77,-0.17,1.97,34.49
116,4912/聯德控股-KY,電子零組件,0.39,-0.87,-0.02,1.69,0.86,-0.09,1.96,54.34
117,2357/華碩,電腦週邊,0.30,-0.39,0.46,0.75,-0.02,0.82,1.92,72.97
118,910861/神州-DR,存託憑證,1.47,0.14,0.14,0.14,1.29,-1.28,1.90,35.28
119,3545/敦泰,半導體,0.22,0.27,0.18,0.83,0.82,-0.47,1.85,24.88
120,6534/正瀚-創,生技醫療業,0.15,0.44,0.13,0.30,0.20,0.61,1.83,82.03
121,3014/聯陽,半導體,-0.33,-0.31,0.41,-1.64,1.57,2.12,1.82,35.56
122,3026/禾伸堂,電子零組件,-0.24,-1.45,0.17,1.35,0.91,1.06,1.80,56.27
123,2316/楠梓電,電子零組件,0.15,-0.45,1.26,0.28,2.18,-1.63,1.79,65.13
124,1721/三晃,化學,8.16,-2.01,1.34,-2.19,-1.32,-2.20,1.78,39.97
125,6446/藥華藥,生技醫療業,-0.40,0.36,0.24,1.08,0.20,0.29,1.77,56.43
126,8473/山林水,綠能,-0.07,-0.02,-0.35,-0.26,1.23,1.23,1.76,68.92
127,7610/聯友金屬-創,綠能,0.95,1.15,-1.98,-1.18,2.05,0.75,1.74,48.03
128,1626/艾美特-KY,電器電纜,1.14,0.15,0.13,0.20,0.02,0.08,1.72,69.64
129,3406/玉晶光,光電,1.53,-1.12,0.48,-0.34,0.21,0.95,1.71,56.62
130,3138/耀登,通信網路,1.03,-1.32,1.05,0.08,0.07,0.78,1.69,27.92
131,1538/正峰,電機,1.44,0.01,0.09,0.15,0.00,0.00,1.69,78.47
132,1527/鑽全,電機,-0.02,0.49,0.11,0.60,0.07,0.44,1.69,31.36
133,2495/普安,電腦週邊,0.87,-1.35,-0.41,-3.29,2.42,3.45,1.69,56.05
134,2458/義隆,半導體,-0.22,-1.00,0.05,0.75,1.50,0.58,1.66,59.91
135,1773/勝一,化學,1.41,0.18,-0.22,0.23,-0.11,0.16,1.65,75.91
136,4557/永新-KY,汽車,0.08,0.02,-0.03,-0.03,-0.11,1.72,1.65,43.71
137,3708/上緯投控,綠能,1.57,-1.26,0.53,0.37,1.16,-0.74,1.63,54.45
138,6873/泓德能源,綠能,0.16,0.07,0.77,0.14,-0.06,0.54,1.62,61.64
139,6416/瑞祺電通,通信網路,0.34,0.04,0.24,0.85,0.23,-0.09,1.61,47.38
140,6283/淳安,其他電子,0.21,-0.01,0.19,0.07,0.55,0.59,1.60,62.24
141,2107/厚生,橡膠,0.00,0.52,0.41,0.43,0.05,0.16,1.57,61.33
142,2379/瑞昱,半導體,0.84,0.03,-0.33,0.07,0.59,0.34,1.54,74.96
143,1590/亞德客-KY,電機,0.76,0.06,0.25,0.07,-0.02,0.42,1.54,73.44
144,4440/宜新實業,紡織,0.71,0.09,0.15,0.54,0.05,0.00,1.54,56.84
145,9912/偉聯,電腦週邊,0.28,0.13,0.19,0.53,0.26,0.14,1.53,61.21
146,4976/佳凌,光電,0.32,0.32,0.32,0.48,0.78,-0.69,1.53,33.02
147,4551/智伸科,汽車,0.65,0.07,0.45,0.37,0.21,-0.22,1.53,80.88
148,6272/驊陞,電子零組件,-0.03,0.24,0.04,0.07,0.21,0.99,1.52,52.14
149,4770/上品,化學,0.56,-0.54,0.04,-0.50,0.00,1.94,1.50,64.39
150,2444/兆勁,通信網路,0.55,0.55,0.08,0.10,-0.03,0.25,1.50,26.41
151,2349/錸德,光電,-0.05,-0.04,-0.02,-0.14,0.44,1.29,1.48,27.67
152,8429/金麗-KY,貿易百貨,0.38,0.28,0.44,-0.46,0.50,0.33,1.47,41.61
153,3593/力銘,電子零組件,0.00,0.73,0.04,0.02,0.01,0.67,1.47,63.35
154,6412/群電,電子零組件,-0.06,-0.04,0.36,0.12,0.49,0.59,1.46,83.45
155,2461/光群雷,其他電子,0.68,0.39,0.46,0.13,0.01,-0.21,1.46,47.34
156,2542/興富發,營建,-0.27,0.59,0.09,0.73,0.31,0.00,1.45,61.86
157,8201/無敵,其他電子,0.00,0.00,0.00,0.00,0.00,1.44,1.44,57.81
158,2420/新巨,電子零組件,0.31,-0.08,0.28,0.07,0.09,0.77,1.44,51.66
159,4439/冠星-KY,紡織,1.19,0.14,0.05,0.01,0.04,0.01,1.44,78.52
160,7823/奧義賽博-KY創,雲端,0.02,-0.07,-0.22,-0.09,1.59,0.20,1.43,73.56
161,2457/飛宏,電子零組件,0.03,0.01,0.99,-0.29,0.40,0.29,1.43,29.94
162,6756/威鋒電子,半導體,0.58,0.02,0.67,0.23,0.00,-0.11,1.39,61.59
163,1605/華新,電器電纜,-0.74,-0.05,1.85,-0.60,0.42,0.51,1.39,71.96
164,3042/晶技,電子零組件,0.73,-0.06,-1.28,-0.32,-0.23,2.54,1.38,68.38
165,4919/新唐,半導體,2.22,-0.24,-0.38,-3.94,2.38,1.33,1.37,68.23
166,3596/智易,通信網路,0.39,0.27,-0.39,-0.51,0.78,0.82,1.36,74.11
167,1460/宏遠,紡織,0.35,0.26,0.28,0.25,0.18,0.03,1.35,71.67
168,1447/力鵬,紡織,-0.05,-0.16,0.08,0.24,0.93,0.27,1.31,71.52
169,2535/達欣工,營建,0.66,0.29,0.17,-0.17,-0.11,0.47,1.31,61.07
170,1325/恆大,塑膠,-0.02,0.18,0.65,0.18,0.14,0.17,1.30,47.42
171,3607/谷崧,電子零組件,0.47,-0.02,-0.30,-0.37,0.06,1.46,1.30,35.00
172,3356/奇偶,光電,0.50,-0.14,0.49,0.03,0.38,0.03,1.29,29.66
173,4927/泰鼎-KY,電子零組件,4.21,0.06,-4.03,-4.03,-0.92,6.00,1.29,33.64
174,6192/巨路,其他電子,0.48,0.04,0.38,0.88,-1.26,0.77,1.29,58.17
175,2392/正崴,電子零組件,-0.06,-0.02,0.35,-0.44,0.83,0.61,1.27,48.10
176,1531/高林股,電機,-0.01,0.90,0.31,-0.04,-0.04,0.14,1.26,63.97
177,2440/太空梭,電子零組件,-0.13,1.31,-0.41,0.02,-0.24,0.69,1.24,70.38
178,2390/云辰,其他電子,-0.08,0.21,0.03,-0.04,0.37,0.73,1.22,37.80
179,2613/中櫃,航運,-0.06,0.53,0.13,0.24,-0.29,0.67,1.22,56.19
180,3338/泰碩,電子零組件,4.25,-3.03,0.18,0.26,0.35,-0.79,1.22,29.90
181,2425/承啟,電腦週邊,0.13,0.12,0.03,0.71,0.44,-0.22,1.21,47.69
182,6657/華安,生技醫療業,0.10,0.57,-0.12,0.08,-0.04,0.62,1.21,36.89
183,9906/欣巴巴,營建,-0.08,0.13,0.15,0.42,0.07,0.51,1.20,78.52
184,2032/新鋼,鋼鐵,-0.29,0.00,0.13,0.23,0.05,1.07,1.19,57.76
185,1409/新纖,紡織,-0.90,0.09,-0.36,0.47,0.11,1.78,1.19,68.03
186,2881/富邦金,金融,-0.04,0.11,0.31,0.28,0.10,0.42,1.18,86.09
187,2385/群光,電子零組件,0.03,-0.36,0.90,0.07,0.01,0.52,1.17,78.68
188,2431/聯昌,電子零組件,0.06,-0.03,-0.01,0.12,0.10,0.91,1.15,42.07
189,1342/八貫,其他,0.64,-0.12,0.10,0.08,-0.01,0.46,1.15,56.21
190,4552/力達-KY,電機,-0.01,-0.24,0.47,0.33,0.23,0.37,1.15,49.62
191,3035/智原,半導體,3.26,-1.55,0.11,0.67,2.91,-4.26,1.14,28.95
192,2332/友訊,通信網路,-0.29,-0.29,0.39,-0.31,0.68,0.95,1.13,45.12
193,6166/凌華,電腦週邊,0.91,-0.18,0.27,-0.24,0.08,0.29,1.13,77.58
194,3706/神達,電腦週邊,0.92,-0.03,0.51,-1.16,0.01,0.86,1.11,52.33
195,3712/永崴投控,電腦週邊,0.59,-0.31,0.16,-0.15,1.22,-0.41,1.10,54.20
196,4583/台灣精銳,電機,0.89,0.16,0.08,-0.04,0.02,-0.02,1.09,87.97
197,2114/鑫永銓,橡膠,0.00,0.00,0.01,0.00,0.82,0.25,1.08,64.65
198,3481/群創,光電,-2.01,-0.57,6.63,2.81,2.38,-8.17,1.07,44.30
199,5225/東科-KY,其他電子,0.02,-0.02,-0.18,1.04,-0.45,0.64,1.05,46.82
200,6415/矽力*-KY,半導體,0.56,-0.17,0.36,-0.12,0.58,-0.17,1.04,79.69
201,2851/中再保,金融,0.24,0.23,0.29,0.00,0.24,0.04,1.04,71.89
202,2491/吉祥全,光電,0.11,-0.01,0.61,-0.46,1.14,-0.35,1.04,72.33
203,1805/寶徠,營建,0.70,0.15,0.20,0.24,0.28,-0.53,1.04,78.15
204,2516/新建,營建,0.26,0.16,-0.07,0.20,-0.09,0.57,1.03,71.25
205,2481/強茂,半導體,-5.94,-2.26,0.86,8.03,0.41,-0.08,1.02,65.99
206,2615/萬海,航運,-0.25,0.09,0.29,-0.28,0.78,0.37,1.00,84.85
207,2528/皇普,營建,0.47,0.26,0.10,0.19,-0.07,0.05,1.00,83.96
208,3047/訊舟,通信網路,-0.54,-0.44,0.31,0.37,0.56,0.73,0.99,20.63
209,1464/得力,紡織,-0.29,0.12,0.50,0.24,0.13,0.29,0.99,60.73
210,1308/亞聚,塑膠,-0.16,0.45,-0.03,0.25,0.44,0.04,0.99,51.41
211,2352/佳世達,電腦週邊,0.12,0.06,0.19,0.49,0.54,-0.43,0.97,48.87
212,2645/長榮航太,航運,0.34,0.28,-0.06,0.04,0.35,0.01,0.96,84.08
213,6136/富爾特,通信網路,-0.33,-1.01,0.34,0.75,0.63,0.58,0.96,44.14
214,2637/慧洋-KY,航運,0.42,-0.34,0.79,-0.16,-0.17,0.42,0.96,81.13
215,6443/元晶,光電,0.74,0.73,0.73,-0.91,-0.33,0.00,0.96,18.30
216,4560/強信-KY,電機,-0.73,0.55,0.64,0.14,0.15,0.18,0.93,87.24
217,8163/達方,電腦週邊,-0.42,-0.24,-0.30,1.73,-0.38,0.53,0.92,44.67
218,2206/三陽工業,汽車,-0.18,0.05,0.08,0.44,0.13,0.39,0.91,83.79
219,2455/全新,通信網路,1.19,-2.42,2.96,0.60,-2.80,1.37,0.90,50.40
220,912000/晨訊科-DR,存託憑證,0.03,0.04,0.43,-0.03,0.11,0.32,0.90,31.60
221,2520/冠德,營建,0.33,-0.20,-0.53,0.52,0.36,0.41,0.89,70.29
222,6934/心誠鎂,生技醫療業,0.44,0.18,0.02,0.00,0.07,0.18,0.89,62.94
223,9939/宏全,其他,0.06,0.23,-0.84,1.40,-0.04,0.07,0.88,59.88
224,6923/中台,綠能,-0.09,-0.60,1.01,0.25,0.24,0.06,0.87,69.59
225,3532/台勝科,半導體,-0.68,-0.15,1.16,-0.01,-0.05,0.59,0.86,91.32
226,4306/炎洲,塑膠,-0.11,-0.17,0.07,0.09,0.63,0.35,0.86,54.68
227,6949/沛爾生醫-創,生技醫療業,0.07,-0.64,1.04,0.35,0.15,-0.11,0.86,73.94
228,1452/宏益,紡織,0.05,0.31,0.10,0.15,0.13,0.12,0.86,48.47
229,4755/三福化,化學,1.14,-0.03,-0.50,-1.62,0.23,1.64,0.86,71.46
230,3588/通嘉,半導體,-0.80,0.07,1.05,0.17,0.21,0.15,0.85,28.52
231,4952/凌通,半導體,-0.38,0.27,0.03,0.45,-0.51,0.98,0.84,52.12
232,9914/美利達,運動,0.08,-0.50,0.08,0.33,1.32,-0.47,0.84,65.61
233,9944/新麗,其他,-0.01,0.01,-0.34,0.85,0.02,0.31,0.84,79.05
234,8481/政伸,其他,0.04,0.02,0.03,0.03,0.03,0.68,0.83,66.39
235,2025/千興,鋼鐵,0.09,0.00,0.00,0.84,-0.06,-0.04,0.83,63.21
236,2421/建準,電子零組件,-0.84,0.42,-0.78,-0.98,1.14,1.87,0.83,57.65
237,2867/三商壽,金融,0.23,0.11,0.16,0.18,0.14,0.00,0.82,83.81
238,1418/東華,紡織,0.01,0.73,-0.01,0.00,0.03,0.05,0.81,71.41
239,1734/杏輝,生技醫療業,0.40,0.12,-0.15,-0.25,0.15,0.53,0.80,46.91
240,8442/威宏-KY,其他,-0.02,-0.08,0.01,0.57,-0.11,0.43,0.80,72.69
241,1539/巨庭,電機,-0.01,0.03,0.04,0.09,0.01,0.64,0.80,60.88
242,6525/捷敏-KY,半導體,0.14,0.62,0.05,1.23,-1.36,0.12,0.80,67.02
243,4736/泰博,生技醫療業,0.67,0.16,-0.03,0.00,0.00,0.00,0.80,49.95
244,2102/泰豐,橡膠,0.15,0.11,-0.09,0.27,0.17,0.18,0.79,80.30
245,2380/虹光,電腦週邊,0.28,0.07,0.10,0.21,0.11,0.02,0.79,44.74
246,1598/岱宇,運動,0.00,0.51,0.14,0.13,0.00,0.00,0.78,60.34
247,2906/高林,貿易百貨,-0.14,0.06,0.02,0.22,0.18,0.43,0.77,65.49
248,6835/圓裕,電子零組件,0.63,-0.10,0.35,-0.01,-0.07,-0.04,0.76,77.54
249,1472/三洋實業,營建,0.82,0.00,-0.06,0.02,0.02,-0.04,0.76,80.45
250,2929/淘帝-KY,貿易百貨,-0.59,0.13,1.24,0.63,-0.26,-0.39,0.76,30.57
251,1709/和益,化學,0.13,0.04,-0.14,0.30,0.01,0.42,0.76,62.19
252,8476/台境*,綠能,-0.17,0.15,0.06,0.51,-0.13,0.33,0.75,65.55
253,1445/大宇,紡織,0.68,0.05,0.05,-0.02,0.07,-0.08,0.75,68.77
254,8222/寶一,電機,0.29,-0.82,0.98,0.03,0.19,0.08,0.75,38.29
255,3557/嘉威,居家,0.05,0.01,0.05,0.50,0.08,0.06,0.75,60.56
256,5203/訊連,資訊服務,-0.15,-0.10,0.10,0.16,0.17,0.56,0.74,44.79
257,2201/裕隆,汽車,0.02,0.13,0.37,0.26,-0.18,0.14,0.74,63.30
258,6189/豐藝,電子通路,-0.02,-0.02,0.19,-0.22,0.51,0.30,0.74,34.86
259,2702/華園,觀光,0.22,0.02,0.33,0.17,0.00,0.00,0.74,73.71
260,2069/運錩,鋼鐵,-0.01,0.03,0.47,0.00,-0.22,0.47,0.74,61.76
261,6214/精誠,資訊服務,-0.55,0.05,-0.18,0.42,0.18,0.81,0.73,56.40
262,2883/凱基金,金融,-0.07,0.39,0.37,0.05,-0.14,0.11,0.71,66.62
263,1723/中碳,化學,-0.06,0.04,0.02,0.01,0.30,0.40,0.71,52.21
264,1423/利華,紡織,0.13,0.07,0.12,0.18,0.09,0.11,0.70,81.35
265,2904/匯僑,其他,0.52,0.01,0.05,0.02,0.09,0.01,0.70,54.28
266,1309/台達化,塑膠,1.24,-1.21,0.47,-0.48,-0.13,0.80,0.69,47.12
267,3702/大聯大,電子通路,0.55,0.22,0.14,0.03,0.03,-0.28,0.69,85.25
268,2059/川湖,電子零組件,-0.44,0.25,-0.21,1.12,-0.09,0.06,0.69,68.33
269,6120/達運,光電,0.30,-0.25,-0.21,-0.23,0.18,0.90,0.69,60.66
270,3312/弘憶股,電子通路,-0.33,0.10,-0.48,0.98,0.94,-0.53,0.68,47.46
271,6552/易華電,半導體,-0.02,-0.03,-0.02,0.00,-0.01,0.76,0.68,59.14
272,1410/南染,紡織,-0.21,0.04,0.06,0.03,0.72,0.03,0.67,75.82
273,3003/健和興,電子零組件,0.62,0.07,0.47,-0.02,0.18,-0.65,0.67,57.01
274,9933/中鼎,其他,-0.37,0.20,-0.10,-0.20,0.81,0.33,0.67,59.25
275,2374/佳能,光電,-0.92,-0.73,0.63,0.74,0.35,0.60,0.67,30.54
276,1612/宏泰,電器電纜,-0.38,-0.13,0.96,0.03,0.04,0.14,0.66,62.63
277,2023/燁輝,鋼鐵,0.01,0.18,0.14,0.24,0.01,0.08,0.66,78.65
278,6277/宏正,電腦週邊,0.03,-0.01,-0.01,0.45,0.18,0.02,0.66,55.31
279,6464/台數科,其他,0.06,0.08,0.08,0.08,0.00,0.36,0.66,85.06
280,2597/潤弘,營建,0.29,-0.45,-0.05,0.39,0.30,0.18,0.66,79.34
281,6936/永鴻生技,生技醫療業,0.00,0.00,0.56,0.03,0.03,0.02,0.64,75.89
282,1304/台聚,塑膠,-0.32,0.19,0.45,0.18,0.12,0.01,0.63,60.14
283,1340/勝悅-KY,塑膠,0.32,0.36,0.20,0.04,0.00,-0.29,0.63,35.18
284,2908/特力,貿易百貨,0.06,0.20,0.07,0.13,0.13,0.03,0.62,91.82
285,1451/年興,紡織,0.00,0.17,0.03,0.11,0.30,0.01,0.62,63.20
286,2368/金像電,電子零組件,0.27,0.23,0.05,0.49,-0.28,-0.15,0.61,78.96
287,2017/官田鋼,鋼鐵,-0.05,0.13,0.28,0.05,0.16,0.04,0.61,61.36
288,4934/太極,光電,0.09,0.22,-0.02,0.09,0.04,0.19,0.61,34.05
289,9902/台火,其他,0.14,-0.48,0.46,0.30,0.14,0.04,0.60,57.02
290,6164/華興,光電,1.36,0.40,-1.01,-0.30,-0.04,0.19,0.60,24.03
291,2540/愛山林,營建,0.33,0.08,-0.15,0.09,0.20,0.04,0.59,90.88
292,1537/廣隆,電機,0.01,0.00,0.00,0.50,0.00,0.07,0.58,51.78
293,5533/皇鼎,營建,-0.13,0.06,0.08,0.14,0.15,0.27,0.57,79.54
294,1525/江申,汽車,0.08,0.08,0.42,0.04,-0.21,0.16,0.57,88.10
295,7799/禾榮科,生技醫療業,0.30,0.04,-0.04,0.34,-0.12,0.05,0.57,80.40
296,8104/錸寶,光電,-1.27,-0.67,-0.09,-0.44,0.01,3.03,0.57,41.57
297,2488/漢平,其他電子,1.08,-0.20,-0.43,0.61,-0.03,-0.46,0.57,52.59
298,3092/鴻碩,電子零組件,0.01,0.05,-0.46,0.45,0.21,0.30,0.56,34.87
299,6698/旭暉應材,其他電子,0.00,0.66,0.50,-0.61,-0.06,0.06,0.55,39.18
300,6887/寶綠特-KY,綠能,0.04,0.02,0.47,0.02,0.00,0.00,0.55,91.82
301,2816/旺旺保,金融,0.08,-0.01,0.04,0.19,0.42,-0.17,0.55,79.72
302,1616/億泰,電器電纜,0.45,0.03,0.43,-0.53,-0.12,0.29,0.55,61.25
303,9927/泰銘,其他,0.00,-0.03,0.34,0.03,0.12,0.08,0.54,58.88
304,3021/鴻名,電子零組件,0.00,0.00,0.00,0.00,0.00,0.54,0.54,71.48
305,1455/集盛,紡織,0.23,-0.10,0.04,-0.01,0.12,0.25,0.53,66.38
306,2614/東森,其他,0.42,0.08,0.29,-0.20,0.03,-0.09,0.53,47.59
307,1521/大億,汽車,0.53,0.00,0.00,0.01,0.00,-0.01,0.53,68.63
308,3004/豐達科,鋼鐵,-0.09,0.14,0.55,0.26,0.97,-1.31,0.52,58.87
309,1904/正隆,造紙,0.14,0.04,-0.20,0.48,-0.06,0.12,0.52,65.13
310,1810/和成,玻璃,0.15,-0.15,0.34,-0.11,0.68,-0.40,0.51,67.47
311,2414/精技,電子通路,0.04,-0.01,-0.02,0.05,0.39,0.06,0.51,58.79
312,6689/伊雲谷,雲端,-0.67,0.15,0.70,0.10,0.11,0.11,0.50,48.03
313,1456/怡華,營建,-0.06,-0.07,0.09,0.48,0.00,0.06,0.50,85.06
314,8131/福懋科,半導體,-0.19,0.48,-0.50,-0.23,-0.63,1.57,0.50,72.41
315,1414/東和,紡織,0.13,0.05,0.01,0.08,0.06,0.17,0.50,88.25
316,1467/南緯,紡織,0.11,-0.03,0.05,0.18,0.03,0.16,0.50,66.44
317,1517/利奇,電機,0.24,0.00,0.11,0.09,0.06,-0.01,0.49,48.59
318,1714/和桐,化學,0.02,0.01,-0.46,1.38,-0.13,-0.34,0.48,62.98
319,6431/光麗-KY,生技醫療業,0.00,0.00,0.00,0.50,-0.05,0.03,0.48,70.03
320,2852/第一保,金融,0.08,0.14,0.02,0.02,0.44,-0.22,0.48,65.34
321,2739/寒舍,觀光,0.41,-0.01,-0.02,0.01,0.06,0.03,0.48,72.90
322,2527/宏璟,營建,0.21,0.15,-0.20,-0.24,0.16,0.40,0.48,80.10
323,1313/聯成,塑膠,-0.11,-0.07,0.27,0.13,0.13,0.12,0.47,66.59
324,8374/羅昇,電機,0.37,-0.39,0.44,0.04,0.38,-0.37,0.47,72.22
325,2022/聚亨,鋼鐵,-0.07,0.11,0.20,0.20,-0.22,0.25,0.47,39.22
326,6757/台灣虎航,航運,0.07,0.09,0.61,-0.61,0.08,0.22,0.46,77.84
327,5546/永固-KY,營建,0.25,0.00,0.00,0.01,0.15,0.05,0.46,84.73
328,4414/如興,紡織,-0.06,0.18,-0.18,0.44,0.28,-0.21,0.45,63.24
329,6153/嘉聯益,電子零組件,-0.25,0.11,0.01,-0.03,0.28,0.33,0.45,49.39
330,5607/遠雄港,航運,0.16,0.19,0.01,0.28,-0.17,-0.03,0.44,74.97
331,1808/潤隆,營建,0.19,0.03,-0.24,0.07,0.32,0.07,0.44,79.21
332,1303/南亞,塑膠,-0.26,0.53,-0.05,-0.56,0.11,0.66,0.43,84.96
333,9935/慶豐富,居家,0.34,0.23,-0.16,-0.07,0.04,0.05,0.43,61.48
334,6281/全國電,電子通路,0.41,0.01,0.02,-0.01,0.00,-0.01,0.42,55.89
335,4426/利勤,紡織,0.04,-0.25,0.18,0.03,0.34,0.08,0.42,62.01
336,5706/鳳凰,觀光,0.41,-0.77,1.19,-0.06,-0.57,0.22,0.42,40.35
337,6216/居易,通信網路,-0.05,0.42,0.14,-0.09,-0.46,0.46,0.42,39.67
338,2882/國泰金,金融,0.05,0.18,0.00,-0.03,0.07,0.15,0.42,85.49
339,5608/四維航,航運,-0.51,0.12,0.55,0.00,0.19,0.06,0.41,28.34
340,6550/北極星藥業-KY,生技醫療業,-0.11,0.15,0.02,0.09,-0.19,0.45,0.41,75.89
341,2347/聯強,電子通路,0.10,0.10,0.00,0.01,0.12,0.08,0.41,88.75
342,2601/益航,貿易百貨,0.06,-0.04,0.43,-0.26,0.04,0.17,0.40,32.27
343,6581/鋼聯,綠能,-0.03,-0.01,0.00,0.49,-0.06,0.01,0.40,90.19
344,8454/富邦媒,雲端,-0.77,0.02,0.58,-0.02,0.52,0.07,0.40,79.59
345,9931/欣高,油電燃氣,0.39,0.08,-0.38,0.36,-0.06,0.01,0.40,77.99
346,2530/華建,營建,0.08,0.01,0.27,0.21,0.06,-0.23,0.40,85.27
347,2886/兆豐金,金融,0.08,0.13,-0.04,0.04,0.21,-0.02,0.40,81.93
348,2939/永邑-KY,貿易百貨,0.02,0.04,0.23,0.10,0.00,0.00,0.39,75.99
349,2412/中華電,通信網路,0.09,0.06,-0.04,0.17,0.24,-0.13,0.39,79.50
350,1233/天仁,食品,0.00,0.04,0.11,0.08,0.07,0.08,0.38,74.14
351,3229/晟鈦,電子零組件,0.10,-0.73,0.81,0.17,0.00,0.03,0.38,70.04
352,2387/精元,電腦週邊,-0.15,-0.19,0.58,-0.55,0.12,0.57,0.38,57.68
353,6285/啟卅卅,通信網路,-4.41,-0.37,2.67,1.33,-0.22,1.38,0.38,69.39
354,6142/友勁,通信網路,-0.22,0.15,0.19,0.14,-0.09,0.20,0.37,58.54
355,2891/中信金,金融,-0.14,0.00,0.20,-0.01,0.28,0.04,0.37,82.01
356,9918/欣天然,油電燃氣,0.14,0.07,0.10,0.05,0.00,0.01,0.37,83.82
357,6024/群益期,金融,0.17,-0.13,0.48,0.01,-0.05,-0.12,0.36,68.26
358,1453/大將,營建,0.36,0.01,0.03,-0.03,0.00,-0.01,0.36,75.99
359,6645/金萬林-創,生技醫療業,0.00,0.02,0.03,0.10,0.11,0.10,0.36,44.24
360,2506/太設,營建,-0.02,-0.03,0.02,0.13,0.21,0.04,0.35,76.74
361,6918/愛派司,生技醫療業,0.09,0.02,-0.03,0.06,0.13,0.08,0.35,49.82
362,6541/泰福-KY,生技醫療業,-0.02,-0.01,-0.01,0.15,0.21,0.02,0.34,71.94
363,1617/榮星,電器電纜,0.06,0.01,0.04,0.07,0.06,0.10,0.34,75.12
364,1474/弘裕,紡織,0.11,0.01,0.08,0.34,0.06,-0.26,0.34,59.30
365,2359/所羅門,其他電子,-0.32,0.15,0.25,-0.11,0.03,0.34,0.34,45.90
366,1101/台泥,水泥,0.16,0.01,0.20,0.05,-0.14,0.05,0.33,54.78
367,2321/東訊,通信網路,0.09,0.02,0.04,0.09,0.03,0.06,0.33,70.81
368,3050/鈺德,光電,-0.79,-0.04,0.03,0.32,0.33,0.48,0.33,52.48
369,1213/大飲,食品,0.00,0.14,0.01,0.06,0.05,0.07,0.33,82.24
370,1459/聯發,紡織,0.02,0.01,0.19,0.12,-0.06,0.05,0.33,85.39
371,8940/新天地,觀光,0.06,0.16,0.20,-0.04,-0.06,0.01,0.33,70.95
372,8215/明基材,光電,0.12,-0.14,0.79,-1.07,0.13,0.49,0.32,53.38
373,6235/華孚,電腦週邊,-0.15,0.02,0.16,-0.07,0.13,0.23,0.32,42.96
374,3056/富華新,營建,0.23,0.09,0.14,-0.62,0.21,0.27,0.32,31.90
375,3515/華擎,電腦週邊,0.12,-0.29,0.04,-0.19,-0.16,0.80,0.32,70.09
376,1760/寶齡富錦,生技醫療業,0.56,0.07,0.08,0.00,0.20,-0.60,0.31,42.56
377,6794/向榮生技,生技醫療業,0.02,0.01,0.02,0.05,0.21,0.00,0.31,80.97
378,2103/台橡,橡膠,0.14,0.13,0.03,1.12,-0.57,-0.54,0.31,52.63
379,1321/大洋,塑膠,0.13,0.05,0.06,0.24,0.01,-0.18,0.31,69.47
380,5007/三星,鋼鐵,0.02,0.02,0.01,0.02,0.08,0.16,0.31,87.79
381,4564/元翎,電機,0.33,-0.24,0.21,-0.05,-0.21,0.26,0.30,43.01
382,4994/傳奇,資訊服務,0.04,0.04,0.04,0.05,0.05,0.08,0.30,85.76
383,2362/藍天,電腦週邊,-0.01,0.01,0.17,0.01,0.13,-0.01,0.30,80.45
384,8367/建新國際,航運,0.01,0.02,0.09,0.10,0.06,0.02,0.30,70.13
385,1762/中化生,生技醫療業,0.00,0.00,0.09,0.27,-0.08,0.02,0.30,44.85
386,2430/燦坤,電子通路,0.13,0.33,-0.06,0.02,-0.06,-0.07,0.29,64.16
387,2014/中鴻,鋼鐵,-0.16,0.10,0.42,0.03,-0.25,0.15,0.29,48.80
388,8466/美吉吉-KY,其他,0.30,0.03,0.02,0.03,-0.60,0.51,0.29,76.51
389,5525/順天,營建,0.03,0.03,-0.01,0.16,0.03,0.05,0.29,88.50
390,4441/振大環球,紡織,0.06,0.02,0.02,-0.03,-0.02,0.24,0.29,72.54
391,8411/福貞-KY,其他,0.04,0.05,0.05,0.07,0.01,0.07,0.29,81.64
392,2509/全坤建,營建,-0.16,0.01,-0.06,0.45,0.00,0.05,0.29,69.30
393,2705/六福,觀光,0.49,-0.07,-0.27,-0.05,0.24,-0.05,0.29,65.22
394,2616/山隆,油電燃氣,0.27,0.31,-0.34,-0.29,-0.03,0.36,0.28,44.83
395,6768/志強-KY,運動,-0.52,-0.30,0.81,0.29,-0.34,0.34,0.28,82.74
396,8150/南茂,半導體,-1.21,-0.15,5.14,-6.23,-1.12,3.85,0.28,74.49
397,910322/康師傅-DR,存託憑證,0.01,0.29,0.04,0.27,-0.04,-0.29,0.28,26.94
398,7788/松川精密,電子零組件,-0.18,-0.13,-0.13,-0.19,1.46,-0.55,0.28,77.24
399,8926/台汽電,油電燃氣,0.18,0.02,0.48,0.25,4.25,-4.90,0.28,60.65
400,6838/台新藥,生技醫療業,0.07,0.00,0.05,-0.01,-0.11,0.28,0.28,61.74
401,3257/虹冠電,半導體,0.12,0.00,0.23,0.43,0.07,-0.57,0.28,44.05
402,6799/來頡,半導體,-0.73,0.02,0.01,-0.23,-0.03,1.24,0.28,37.34
403,2433/互盛電,其他電子,0.00,0.00,0.00,0.00,0.00,0.28,0.28,79.20
404,6965/中傑-KY,運動,0.07,0.01,0.02,0.06,0.09,0.03,0.28,91.98
405,1417/嘉裕,紡織,-0.15,0.24,0.02,-0.15,0.07,0.24,0.27,57.78
406,911622/泰聚亨-DR,存託憑證,0.05,0.03,0.01,0.10,0.01,0.07,0.27,50.08
407,1314/中石化,塑膠,0.02,0.04,0.09,-0.05,0.04,0.12,0.26,38.93
408,5531/鄉林,營建,0.02,-0.06,0.13,0.00,0.01,0.16,0.26,86.13
409,1609/大亞,電器電纜,-0.08,0.11,0.19,-0.59,0.21,0.42,0.26,32.05
410,9928/中視,其他,0.00,0.09,0.06,0.00,0.02,0.09,0.26,74.51
411,1438/三地開發,營建,0.04,0.02,0.01,0.07,0.11,0.01,0.26,83.10
412,4108/懷特,生技醫療業,0.00,0.00,0.00,0.06,0.09,0.10,0.25,29.99
413,5538/東明-KY,鋼鐵,0.00,0.00,0.03,-0.02,0.24,0.00,0.25,94.27
414,1103/嘉泥,水泥,0.20,-0.02,0.04,-0.04,-0.10,0.16,0.24,79.09
415,6531/愛普*,半導體,2.26,-0.64,-0.07,-0.97,-1.65,1.31,0.24,67.43
416,6776/展卅眥篕卅,電子通路,0.09,0.04,-0.33,0.01,-0.03,0.45,0.23,67.49
417,2231/為升,汽車,0.91,-0.24,0.28,-0.05,-0.59,-0.09,0.22,67.34
418,2024/志聯,鋼鐵,0.01,0.03,0.02,0.04,0.08,0.04,0.22,82.93
419,2101/南港,橡膠,0.04,0.07,0.07,0.41,-0.39,0.02,0.22,64.30
420,9908/大台北,油電燃氣,0.04,-0.12,0.09,0.00,0.19,0.02,0.22,80.48
421,7786/東方風能,綠能,0.00,0.00,0.00,0.24,-0.01,-0.01,0.22,81.51
422,4930/燦星網,電器電纜,-0.26,0.56,0.00,-0.07,-0.03,0.02,0.22,63.08
423,2250I/KKA-KY,汽車,-0.12,0.18,0.37,-0.08,-0.23,0.10,0.22,52.35
424,3533/嘉澤,電子零組件,0.57,-0.34,-0.66,1.48,-0.10,-0.73,0.22,61.37
425,1443/立益物流,其他,0.01,0.06,0.00,0.07,0.04,0.03,0.21,89.74
426,1323/永裕,塑膠,0.01,0.02,0.03,0.13,0.01,0.01,0.21,70.69
427,1436/華友聯,營建,0.05,0.03,0.02,-0.19,0.70,-0.41,0.20,78.26
428,5285/界霖,半導體,-0.14,-0.10,0.95,1.20,-1.71,0.00,0.20,61.65
429,3413/京鼎,半導體,0.01,-1.69,-0.57,2.66,2.87,-3.08,0.20,44.35
430,1439/雋揚,營建,0.04,0.05,0.03,0.01,-0.41,0.48,0.20,85.00
431,1604/聲寶,電器電纜,0.01,-0.02,-0.08,0.05,0.08,0.16,0.20,58.16
432,6890/來億-KY,運動,0.14,-0.06,-0.24,0.63,-0.08,-0.20,0.19,89.09
433,4562/穎漢,電機,0.45,0.40,-0.48,0.08,-0.27,0.01,0.19,52.41
434,2493/揚博,電子零組件,-1.83,-1.19,-0.25,0.80,-1.68,4.34,0.19,51.09
435,2607/榮運,航運,-0.16,0.10,0.01,-0.08,0.14,0.18,0.19,77.23
436,8341/日友,綠能,0.03,0.01,0.07,0.00,0.09,-0.01,0.19,49.22
437,3002/歐格,電腦週邊,-0.04,0.02,0.03,0.24,-0.01,-0.05,0.19,66.22
438,1907/永豐餘,造紙,-0.03,0.06,-0.01,-0.01,0.13,0.05,0.19,84.17
439,1413/宏洲,紡織,0.02,0.01,0.05,0.04,0.01,0.06,0.19,75.73
440,8487/愛爾達-創,雲端,0.08,0.10,0.01,0.00,0.00,0.00,0.19,55.77
441,4190/佐登-KY,生技醫療業,-0.02,0.00,0.00,0.00,0.16,0.05,0.19,65.73
442,1305/華夏,塑膠,-1.13,0.35,0.06,0.61,0.35,-0.05,0.19,51.16
443,1473/台南,紡織,0.01,0.03,0.04,0.09,0.00,0.01,0.18,72.33
444,9946/三發地產,營建,0.08,0.00,0.15,-0.22,0.10,0.07,0.18,81.21
445,2483/百容,電子零組件,0.07,-0.02,0.08,-0.30,0.57,-0.22,0.18,63.76
446,6902G/OGOLOOK,雲端,-0.30,0.03,0.04,0.57,-0.13,-0.03,0.18,71.76
447,8162/微矽電子-創,半導體,-1.02,-0.75,0.01,0.01,1.22,0.70,0.17,76.03
448,2701/萬企,觀光,0.00,0.00,0.00,0.01,0.03,0.13,0.17,86.33
449,2413/環科,電子零組件,-0.90,0.63,-0.35,-0.13,0.99,-0.07,0.17,57.82
450,3576/聯合再生,光電,-0.04,-0.31,0.55,-0.78,0.05,0.70,0.17,37.17
451,2008/高興昌,鋼鐵,0.01,0.01,0.05,0.04,0.04,0.02,0.17,92.36
452,2646/星宇航空,航運,-0.10,0.11,0.09,-0.03,0.02,0.08,0.17,64.86
453,6533/晶心科,半導體,-0.13,0.02,0.09,-0.40,-0.38,0.96,0.16,21.93
454,6115/鎰勝,電子零組件,-0.02,0.22,-0.09,0.02,0.00,0.03,0.16,61.21
455,9905/大華,其他,0.00,0.14,0.00,0.14,-0.10,-0.02,0.16,74.12
456,3130/一零四,雲端,0.02,0.03,0.11,0.11,-0.01,-0.10,0.16,61.62
457,4938/和碩,電腦週邊,0.37,-0.11,0.00,-0.51,0.07,0.34,0.16,78.11
458,6671/三能-KY,居家,0.00,0.01,0.03,-0.06,-0.02,0.20,0.16,74.68
459,9940/信義,其他,-0.01,0.07,-0.08,-0.04,0.05,0.17,0.16,81.58
460,2538/基泰,營建,0.21,-0.14,0.07,0.01,0.04,-0.03,0.16,75.14
461,2762/世界健身-KY,運動,-0.06,-0.09,-0.20,0.01,0.40,0.10,0.16,86.75
462,2204/中華,汽車,-0.22,-0.10,0.13,-0.26,0.14,0.47,0.16,73.47
463,2524/京城,營建,-0.01,-0.11,0.12,-0.07,0.13,0.09,0.15,93.16
464,6958/日盛台駿,其他,0.08,0.03,0.02,0.00,0.02,0.00,0.15,94.11
465,1444/力麗,紡織,-0.02,0.03,-0.07,0.02,-0.03,0.22,0.15,65.00
466,6504/南六,其他,0.04,0.01,0.02,0.03,0.02,0.03,0.15,69.84
467,4737/華廣,生技醫療業,-0.19,0.65,-0.43,0.08,0.00,0.04,0.15,60.68
468,9103/美德醫療-DR,存託憑證,0.06,0.16,0.04,-0.44,0.11,0.22,0.15,10.19
469,1470/大統新創,紡織,-0.01,0.00,0.00,-0.05,0.20,0.01,0.15,87.66
470,1614/三洋電,電器電纜,0.17,0.01,0.01,-0.12,0.01,0.06,0.14,82.72
471,4739/康普,化學,0.49,-4.12,0.59,1.65,-0.03,1.56,0.14,43.99
472,2704/國賓,觀光,-0.04,-0.06,-0.04,0.19,-0.02,0.11,0.14,88.04
473,2467/志聖,電子零組件,0.17,-0.28,-1.32,1.57,-0.10,0.10,0.14,69.35
474,2913/農林,貿易百貨,-0.38,0.12,0.03,0.06,0.10,0.21,0.14,58.38
475,2020/美亞,鋼鐵,-0.43,0.23,0.32,0.09,0.00,-0.07,0.14,49.87
476,4142/國光生,生技醫療業,-0.35,0.09,0.07,0.15,0.10,0.08,0.14,39.30
477,3494/誠研,電腦週邊,0.10,0.02,-0.03,0.02,-0.01,0.04,0.14,61.23
478,6606/建德工業,電機,0.01,0.02,-0.11,-0.01,-0.01,0.24,0.14,70.52
479,1535/中宇,電機,0.03,0.01,0.01,0.03,0.01,0.04,0.13,75.50
480,2545/皇翔,營建,0.14,-0.24,0.29,0.03,0.10,-0.19,0.13,76.83
481,3717/聯嘉投控,汽車,0.32,0.13,-0.17,-0.22,0.51,-0.44,0.13,46.47
482,1752/南光,生技醫療業,0.02,0.03,0.01,0.02,0.02,0.03,0.13,63.98
483,1713/國化,化學,0.07,0.01,-0.28,0.02,0.02,0.29,0.13,72.89
484,1463/強盛新,紡織,0.12,-0.02,-0.01,0.01,0.03,0.00,0.13,81.23
485,2358/廷鑫,其他,0.00,0.00,0.02,0.00,0.00,0.11,0.13,27.70
486,1457/宜進,紡織,-0.07,0.07,0.02,0.04,0.03,0.03,0.12,74.87
487,1203/味王,食品,0.03,0.01,0.01,0.02,0.02,0.03,0.12,91.06
488,6477/安集,光電,-0.10,-0.02,0.15,-0.18,0.05,0.22,0.12,44.04
489,2609/陽明,航運,-0.35,-0.18,0.21,-0.63,0.29,0.78,0.12,57.57
490,9934/成霖,居家,-0.14,-0.09,0.18,0.10,0.01,0.06,0.12,66.32
491,8404/百和興業-KY,其他,-0.03,-0.22,0.16,0.02,0.08,0.11,0.12,78.68
492,1225/福懋油,食品,-0.13,0.08,0.05,0.20,-0.06,-0.02,0.12,89.11
493,1512/瑞利,汽車,0.03,0.46,0.03,0.00,0.00,-0.40,0.12,53.89
494,1468/昶和,紡織,0.00,-0.01,0.12,0.00,0.00,0.01,0.12,97.60
495,2239/英利-KY,汽車,0.07,0.02,0.02,0.03,-0.04,0.01,0.11,79.98
496,2028/威致,鋼鐵,0.01,-0.08,-0.15,0.01,0.00,0.32,0.11,83.46
497,2546/根基,營建,0.00,0.00,0.02,0.01,0.02,0.06,0.11,62.11
498,3029/零壹,資訊服務,0.43,-0.09,0.19,-0.26,0.31,-0.48,0.10,42.05
499,8463/潤泰材,其他,0.06,0.01,-0.01,0.03,0.01,0.00,0.10,81.53
500,2905/三商,貿易百貨,0.06,0.00,0.04,0.01,0.01,-0.02,0.10,83.89
501,3052/夆典,營建,0.28,-0.30,0.09,-0.13,-0.02,0.18,0.10,56.42
502,2911/麗嬰房,貿易百貨,0.51,0.60,-0.28,0.07,0.06,-0.86,0.10,45.24
503,1524/耿鼎,汽車,-0.48,0.22,-0.06,-1.57,0.53,1.45,0.09,40.55
504,7722L/INEPAY,雲端,0.58,-0.28,0.09,-0.07,-0.15,-0.08,0.09,85.38
505,2109/華豐,橡膠,-0.16,-0.02,0.17,-0.08,0.00,0.18,0.09,74.64
506,6952/大武山,其他,0.01,0.00,0.02,0.00,0.00,0.05,0.08,86.51
507,1110/東泥,水泥,0.01,-0.02,0.07,-0.11,0.07,0.06,0.08,93.99
508,6916/華凌,光電,0.00,0.00,0.00,0.04,0.04,0.00,0.08,78.89
509,6951/青新-創,綠能,0.04,0.00,0.00,0.03,0.00,0.01,0.08,66.22
510,6205/詮欣,電子零組件,2.03,6.90,-6.54,-0.35,-0.98,-0.99,0.07,46.25
511,2395/研華,電腦週邊,0.33,-0.03,0.56,-0.23,-0.15,-0.41,0.07,85.54
512,6230/尼得科超眾,電腦週邊,0.03,-0.03,0.05,0.02,0.00,0.00,0.07,87.81
513,4104/佳醫,生技醫療業,0.37,0.20,-0.59,0.00,0.30,-0.21,0.07,45.71
514,1235/興泰,食品,-0.13,0.00,0.20,0.00,0.00,0.00,0.07,96.54
515,1434/福懋,紡織,-0.05,-0.08,0.17,0.07,0.01,-0.05,0.07,71.67
516,1466/聚隆,紡織,-0.04,0.07,-0.01,-0.04,0.04,0.04,0.06,72.84
517,1530/亞崴,電機,0.00,0.00,0.00,0.02,0.00,0.04,0.06,75.48
518,6781A/ES-KY,電子零組件,-0.75,0.16,0.47,-0.52,0.09,0.61,0.06,72.27
519,3705/永信,生技醫療業,-0.13,0.01,-0.14,0.09,0.21,0.02,0.06,67.90
520,2617/台航,航運,0.07,-0.11,0.01,-0.12,0.11,0.09,0.05,62.08
521,2254/巨鎧精密-創,汽車,0.03,0.01,-0.01,0.01,0.03,-0.02,0.05,92.38
522,1735/日勝化,化學,-0.05,0.03,0.06,-0.03,0.01,0.03,0.05,78.26
523,3031/佰鴻,光電,0.26,-0.41,0.04,0.48,0.65,-0.98,0.04,59.04
524,2915/潤泰全,貿易百貨,-0.20,0.19,0.02,0.04,0.00,-0.01,0.04,67.79
525,2434/統懋,半導體,0.02,0.04,0.01,-0.01,-0.01,-0.01,0.04,80.49
526,2612/中航,航運,0.01,-0.03,0.26,-0.55,-0.05,0.40,0.04,73.61
527,2897/王道銀行,金融,0.01,0.03,-0.03,0.20,-0.07,-0.10,0.04,84.98
528,6655/科定,其他,-0.01,-0.01,-0.08,0.02,0.03,0.09,0.04,86.09
529,1220/台榮,食品,0.00,0.00,0.23,-0.22,0.02,0.01,0.04,67.53
530,4943/康控-KY,電子零組件,0.02,-0.01,-0.01,0.04,0.00,-0.01,0.03,64.13
531,1419/新紡,紡織,-0.08,0.01,-0.02,0.00,-0.04,0.16,0.03,90.71
532,1441/大東,紡織,-0.02,0.03,0.00,0.00,0.00,0.02,0.03,65.03
533,1710/東聯,化學,0.11,0.11,0.28,-0.14,-0.32,-0.01,0.03,61.44
534,6117/迎廣,電腦週邊,0.37,0.45,-0.43,-0.51,0.09,0.05,0.02,54.87
535,2432/倚天酷卅卅-創,電腦週邊,0.00,-0.02,-0.02,0.01,0.04,0.01,0.02,76.74
536,4935/茂林-KY,光電,-0.08,0.02,0.03,0.05,0.00,0.00,0.02,62.70
537,4904/遠傳,通信網路,0.10,-0.01,0.01,0.11,-0.09,-0.10,0.02,93.36
538,2454/聯發科,半導體,0.68,0.04,-0.32,-0.22,-0.22,0.06,0.02,76.47
539,1315/達新,塑膠,0.00,0.00,0.01,0.00,0.01,0.00,0.02,80.74
540,2885/元大金,金融,-0.01,0.06,0.03,-0.07,-0.07,0.07,0.01,83.16
541,3653/健策,電子零組件,0.10,-0.21,-0.40,0.29,0.69,-0.46,0.01,68.41
542,7711/永擎,電腦週邊,-0.07,0.01,-0.01,0.02,-0.05,0.11,0.01,61.78
543,2849/安泰銀,金融,-0.01,0.00,0.00,0.02,-0.02,0.02,0.01,98.43
544,8482/商億-KY,居家,0.00,0.00,0.00,0.00,0.01,0.00,0.01,95.53
545,1532/勤美,電機,-0.14,0.01,-0.10,0.10,-0.07,0.21,0.01,64.86
546,4119/旭富,生技醫療業,-0.35,-0.01,0.03,0.01,0.13,0.20,0.01,45.66
547,2722/夏都,觀光,0.00,0.00,0.00,0.01,0.00,0.00,0.01,87.44
548,1789/神隆,生技醫療業,-0.05,0.12,-0.04,-0.04,-0.02,0.04,0.01,76.83
549,6807/峰源-KY,居家,0.01,-0.02,0.00,-0.01,0.02,0.01,0.01,83.57
550,3652/精聯,電腦週邊,0.00,0.01,0.00,0.00,-0.01,0.01,0.01,71.59
551,6863/永道-KY,通信網路,0.03,-0.01,0.01,-0.07,0.00,0.05,0.01,75.48
552,6754/匯僑設計,居家,0.00,0.00,0.00,0.01,0.00,0.00,0.01,83.07
553,1341/富林-KY,塑膠,0.00,0.00,0.00,0.01,0.00,0.00,0.01,85.02
554,3550/聯穎,電子零組件,0.36,0.52,-1.80,0.29,1.73,-1.09,0.01,43.25
555,2706/第一店,觀光,-0.09,0.01,0.08,-0.05,0.01,0.05,0.01,84.91
556,2496/卓越,其他,0.00,0.00,0.00,0.00,0.01,0.00,0.01,49.58
557,1337/再生-KY,塑膠,-0.12,0.06,-0.08,-0.14,-0.32,0.61,0.01,47.87
558,3046/建卅卅,電腦週邊,-0.62,0.03,0.06,0.03,0.51,-0.01,0.00,53.76
559,1732/毛寶,化學,0.00,0.00,0.00,0.00,0.00,0.00,0.00,46.40
560,2443/昶虹,其他,0.00,0.00,0.00,0.00,0.00,0.00,0.00,55.26
561,4581/光隆精密-KY,汽車,0.00,0.00,0.00,0.00,0.00,0.00,0.00,62.96
562,6225/天瀚,光電,0.00,0.00,0.00,0.00,0.00,0.00,0.00,64.03
563,2247/汎德永業,汽車,0.00,0.00,0.00,0.00,0.00,0.00,0.00,76.73
564,6201/亞弘電,其他電子,0.00,0.00,0.00,0.00,0.00,0.00,0.00,69.12
565,3432/台端,電子零組件,0.00,0.00,0.00,0.00,0.00,0.00,0.00,66.51
566,6928/攸泰科技,電腦週邊,0.00,0.00,0.00,0.00,0.00,0.00,0.00,79.20
567,6666/羅麗芬-KY,生技醫療業,0.00,0.00,0.00,0.00,0.00,0.00,0.00,78.06
568,6582/申豐,橡膠,0.00,0.00,0.00,0.00,0.00,0.00,0.00,74.29
569,1435/中福,其他,0.00,0.00,0.00,0.00,0.00,0.00,0.00,94.90
570,9929/秋雨,其他,0.00,0.00,0.00,0.00,0.00,0.00,0.00,87.99
571,2227/裕日車,汽車,0.00,0.00,0.00,0.00,0.00,0.00,0.00,93.51
572,2450/神腦,通信網路,0.00,0.00,0.00,0.00,0.00,0.00,0.00,76.61
573,4942/嘉彰,光電,0.00,-0.09,-0.32,-0.31,0.66,0.06,0.00,62.93
574,3454/晶睿,光電,0.00,0.00,0.00,0.00,0.00,0.00,0.00,0.00
575,4569/六方科-KY,汽車,0.00,0.00,0.00,0.00,0.00,0.00,0.00,66.49
576,1725/元禎,化學,0.00,0.00,0.00,0.00,0.00,0.00,0.00,94.23
577,4572/駐龍,電機,0.00,0.00,0.00,0.00,0.00,0.00,0.00,64.20
578,6771/平和環保-創,綠能,0.00,0.00,0.00,0.00,0.00,0.00,0.00,40.65
579,6908/宏卅砦C戲-創,電子通路,0.00,0.00,0.00,0.00,0.00,0.00,0.00,86.39
580,1583/程泰,電機,0.00,0.00,0.00,0.00,0.00,0.00,0.00,91.23
581,6792/詠業,通信網路,0.00,0.00,0.00,0.00,0.00,0.00,0.00,53.91
582,8499/鼎炫-KY,其他電子,0.00,0.00,0.00,0.00,0.00,0.00,0.00,78.81
583,3308/聯德,電子零組件,0.00,0.00,0.00,0.00,0.00,0.00,0.00,61.63
584,3015/全漢,電子零組件,-0.07,-0.25,-0.04,-0.10,0.37,0.09,0.00,64.03
585,6674/鋐寶科技,通信網路,0.00,0.00,0.00,0.00,0.00,0.00,0.00,85.12
586,6796/晉弘,生技醫療業,-0.01,0.00,0.00,0.02,0.01,-0.02,0.00,49.39
587,2945/三商家購,貿易百貨,0.00,0.00,0.00,0.00,0.00,0.00,0.00,83.49
588,9110/越南控-DR,存託憑證,0.11,0.15,0.21,0.00,-0.60,0.12,-0.01,43.90
589,2505/國揚,營建,0.36,-0.08,-0.31,0.01,0.13,-0.12,-0.01,79.13
590,1541/錩泰,電機,0.00,0.00,-0.01,0.00,0.00,0.00,-0.01,83.77
591,2712/遠雄來,觀光,0.00,0.00,-0.01,0.00,0.00,0.00,-0.01,90.85
592,1909/榮成,造紙,-0.21,0.09,0.09,0.01,-0.02,0.03,-0.01,66.21
593,8467/波力-KY,運動,0.00,0.00,-0.01,0.00,0.00,0.00,-0.01,82.03
594,2477/美隆電,其他電子,-0.05,-0.20,0.01,0.09,0.08,0.06,-0.01,72.94
595,9943/好樂迪,觀光,0.00,-0.01,0.00,0.00,0.00,0.00,-0.01,71.10
596,8488/吉源-KY,其他,-0.02,0.00,0.01,0.04,-0.04,0.00,-0.01,87.09
597,2850/新產,金融,-0.33,0.17,-0.29,0.05,0.12,0.27,-0.01,68.39
598,2015/豐興,鋼鐵,-0.11,-0.14,0.00,0.09,0.11,0.04,-0.01,88.27
599,1737/臺鹽,食品,-0.04,0.00,-0.15,-0.14,0.06,0.25,-0.02,63.54
600,9942/茂順,其他,-0.02,-0.49,0.01,0.99,0.01,-0.52,-0.02,52.31
601,6116/彩晶,光電,-0.30,-0.24,1.33,0.23,0.57,-1.61,-0.02,46.49
602,3018/隆銘綠能,其他電子,0.00,0.00,0.00,0.00,-0.02,0.00,-0.02,64.29
603,7736/虎山,汽車,0.00,0.00,0.00,0.00,-0.01,-0.01,-0.02,84.06
604,1454/台富,紡織,0.00,-0.04,-0.01,0.02,0.01,0.00,-0.02,81.75
605,7732/金興精密,汽車,-0.01,0.06,-0.01,-0.01,-0.02,-0.03,-0.02,88.54
606,2836/高雄銀,金融,-0.16,-0.01,-0.02,0.05,0.12,0.00,-0.02,84.82
607,2007/燁興,鋼鐵,-0.01,-0.05,-0.03,0.01,-0.02,0.07,-0.03,76.41
608,3045/台灣大,通信網路,0.17,0.02,-0.20,0.23,0.04,-0.29,-0.03,91.68
609,2482/連宇,其他電子,0.02,-0.05,0.01,0.38,0.12,-0.51,-0.03,40.88
610,1589/永冠-KY,電機,0.00,-0.01,0.00,-0.02,0.00,0.00,-0.03,28.60
611,5906/台南-KY,貿易百貨,0.00,-0.01,-0.02,0.00,0.00,0.00,-0.03,87.60
612,3054/立萬利,食品,-0.01,-0.05,0.01,0.04,0.00,-0.02,-0.03,87.79
613,1558/伸興,電機,-0.07,0.00,0.00,0.00,0.03,0.00,-0.04,34.49
614,6869/雲豹能源,綠能,0.22,-0.05,0.15,-0.30,-0.04,-0.02,-0.04,53.92
615,2923/鼎固-KY,營建,-0.02,0.00,0.03,-0.03,-0.02,0.00,-0.04,99.41
616,1437/勤益控,其他,0.08,-0.05,-0.01,-0.23,-0.07,0.23,-0.05,79.23
617,3622/洋華,光電,0.18,-0.02,-0.36,-0.23,-0.36,0.74,-0.05,58.95
618,2901/欣欣,貿易百貨,-0.06,-0.01,0.02,-0.01,0.01,0.00,-0.05,79.33
619,5871/中租-KY,其他,0.59,0.19,-0.17,-0.58,0.00,-0.08,-0.05,67.51
620,3416/融程電,電腦週邊,-0.08,0.26,0.06,-0.25,0.08,-0.12,-0.05,56.07
621,6790/永豐實,造紙,0.11,-0.15,-0.01,0.02,-0.02,-0.01,-0.06,78.83
622,3617/碩天,其他電子,0.16,0.00,-0.01,-0.46,0.02,0.23,-0.06,67.64
623,5876/上海商銀,金融,0.02,-0.19,-0.24,0.30,0.30,-0.25,-0.06,86.17
624,2618/長榮航,航運,-0.48,-0.29,0.26,0.20,0.04,0.20,-0.07,73.23
625,8443/阿瘦,貿易百貨,0.14,0.03,-0.55,0.10,0.09,0.12,-0.07,69.26
626,1475/業旺,紡織,0.00,0.00,0.00,-0.13,0.01,0.05,-0.07,76.31
627,1108/幸福,水泥,-0.05,-0.05,-0.01,0.01,0.16,-0.13,-0.07,80.90
628,1339/昭輝,汽車,0.01,0.03,0.04,0.03,0.00,-0.18,-0.07,74.41
629,4588/玖鼎電力,其他電子,-0.02,-0.01,-0.05,-0.01,0.01,0.00,-0.08,50.70
630,1338/廣華-KY,汽車,-0.01,-0.01,-0.01,-0.05,-0.04,0.04,-0.08,42.87
631,8478/東哥遊艇,運動,-0.06,-0.11,0.05,0.06,-0.04,0.02,-0.08,76.71
632,3419/譁裕,通信網路,-0.32,-0.65,0.24,0.37,0.17,0.11,-0.08,31.48
633,1717/長興,化學,-1.55,-0.39,-1.17,-0.02,0.55,2.50,-0.08,67.62
634,1216/統一,食品,-0.07,-0.20,-0.29,0.61,0.14,-0.28,-0.09,88.41
635,7780/大研生醫*,食品,-0.06,-0.14,-0.02,-0.33,0.28,0.18,-0.09,75.32
636,1219/福壽,食品,0.03,0.06,0.04,-0.13,-0.09,-0.01,-0.10,61.72
637,8101/華冠,通信網路,0.00,-0.02,-0.02,-0.06,0.00,0.00,-0.10,81.53
638,3027/盛達,通信網路,-0.25,0.26,0.74,-0.32,0.39,-0.92,-0.10,44.42
639,6573/虹揚-KY,半導體,0.00,0.00,0.00,-0.01,-0.01,-0.08,-0.10,65.45
640,6505/台塑化,油電燃氣,-0.09,0.06,0.02,0.03,-0.06,-0.06,-0.10,94.54
641,2855/統一證,金融,0.43,-0.04,0.11,-0.50,-0.07,-0.04,-0.11,77.14
642,2029/盛餘,鋼鐵,-0.02,-0.01,0.01,0.14,-0.08,-0.15,-0.11,70.88
643,2105/正新,橡膠,-0.19,-0.20,-0.07,0.02,0.29,0.04,-0.11,81.07
644,9937/全國,油電燃氣,0.02,0.00,-0.13,-0.01,0.01,0.00,-0.11,89.04
645,1201/味全,食品,-0.21,0.04,0.10,0.03,0.05,-0.13,-0.12,63.28
646,3686/達能,半導體,-0.04,0.01,-0.66,0.03,0.01,0.53,-0.12,22.71
647,6695/芯鼎,半導體,-0.66,0.01,0.47,0.71,-1.95,1.30,-0.12,43.92
648,6919/康霈*,生技醫療業,0.07,0.16,-0.31,-0.10,0.03,0.02,-0.13,73.93
649,3530/晶相光,半導體,-0.10,-0.55,-0.53,0.53,-0.01,0.53,-0.13,57.74
650,2013/中鋼構,鋼鐵,-0.07,-0.25,0.00,-0.01,0.02,0.18,-0.13,79.45
651,3266/昇陽,營建,0.00,0.01,0.02,-0.11,0.08,-0.13,-0.13,90.16
652,2012/春雨,鋼鐵,0.00,0.00,0.01,0.14,-0.15,-0.13,-0.13,84.16
653,6558/興能高,其他電子,0.45,-0.04,0.47,-0.74,-0.70,0.43,-0.13,40.75
654,1726/永記,化學,0.00,-0.01,-0.01,-0.03,-0.05,-0.03,-0.13,85.89
655,1906/寶隆,造紙,0.10,0.05,-0.01,-0.04,0.02,-0.25,-0.13,74.35
656,1506/正道,電機,-0.11,0.16,0.06,-0.05,-0.01,-0.19,-0.14,77.39
657,2910/統領,貿易百貨,-0.01,0.00,0.01,-0.15,0.00,0.01,-0.14,96.84
658,7705/三商餐飲,觀光,0.00,0.00,-0.03,-0.11,0.00,0.00,-0.14,69.68
659,5215/科嘉-KY,電腦週邊,0.00,0.02,-0.61,-0.38,0.80,0.03,-0.14,52.05
660,1471/首利,電子零組件,-0.29,0.06,-0.18,0.12,0.11,0.03,-0.15,22.86
661,6592/和潤企業,其他,-0.01,-0.05,0.12,-0.29,0.20,-0.12,-0.15,79.38
662,3504/揚明光,光電,-0.46,1.34,0.11,-0.49,-1.14,0.49,-0.15,62.57
663,2415/錩新,電子零組件,-0.67,0.18,0.13,-0.04,0.29,-0.04,-0.15,64.72
664,2373/震旦行,其他電子,0.00,0.01,0.00,0.00,-0.18,0.02,-0.15,87.22
665,6988/威力暘-創,汽車,-0.13,0.00,0.04,0.28,0.28,-0.62,-0.15,78.84
666,6742/澤米,光電,-0.07,-0.03,0.02,0.54,1.38,-1.99,-0.15,34.33
667,2536/宏普,營建,-0.15,0.02,0.04,-0.19,0.25,-0.13,-0.16,79.48
668,2423/固緯,其他電子,-0.07,-0.03,-0.01,0.35,-0.05,-0.35,-0.16,75.68
669,9926/新海,油電燃氣,0.00,0.07,-0.23,0.00,0.00,0.00,-0.16,83.89
670,3346/麗清,汽車,-0.30,0.04,-0.29,0.04,-0.04,0.39,-0.16,27.25
671,4148/全宇生技-KY,生技醫療業,-0.01,-0.05,0.02,-0.19,0.09,-0.02,-0.16,78.75
672,1514/亞力,電機,0.03,-0.21,-0.12,-1.02,-0.15,1.31,-0.16,45.44
673,1718/中纖,化學,-0.29,-0.04,0.02,0.19,-0.05,0.01,-0.16,55.87
674,2034/允強,鋼鐵,0.13,0.11,0.12,-0.22,-0.37,0.06,-0.17,48.80
675,1817/凱撒衛,玻璃,-0.03,-0.01,-0.06,-0.07,0.00,0.00,-0.17,65.22
676,5484/慧友,光電,-0.10,-0.01,-0.07,0.01,0.59,-0.60,-0.18,38.31
677,1597/直得,電機,-1.75,2.91,3.63,0.14,-1.50,-3.61,-0.18,56.78
678,5522/遠雄,營建,-0.32,-0.01,0.12,0.00,0.03,-0.01,-0.19,89.06
679,2106/建大,橡膠,0.01,0.03,0.01,-0.16,-0.21,0.13,-0.19,79.75
680,6957/裕慶-KY,其他,-0.14,-0.06,-0.76,0.76,-0.01,0.01,-0.20,72.61
681,2838/聯邦銀,金融,-0.10,0.00,0.00,-0.04,-0.06,0.00,-0.20,90.63
682,1608/華榮,電器電纜,-0.53,-0.20,0.49,-0.13,0.27,-0.10,-0.20,64.54
683,2462/良得電,電子零組件,-0.13,0.02,-0.19,-0.66,0.68,0.08,-0.20,56.12
684,2072/世紀風電,綠能,0.00,-0.07,0.02,-0.16,-0.13,0.13,-0.21,75.44
685,2258/鴻華先進-創,汽車,-0.05,0.00,-0.01,-0.05,-0.06,-0.04,-0.21,93.72
686,6442/光聖,通信網路,0.95,0.06,0.02,-1.25,-0.03,0.03,-0.22,57.56
687,1540/喬福,電機,0.45,-0.05,-0.97,0.18,0.05,0.12,-0.22,33.83
688,6243/迅杰,半導體,-0.14,-0.08,0.19,-0.04,-0.08,-0.07,-0.22,24.29
689,1236/宏亞,食品,0.11,0.00,0.04,0.05,-0.45,0.03,-0.22,83.56
690,2903/遠百,貿易百貨,-0.25,0.03,-0.02,0.06,0.10,-0.14,-0.22,78.93
691,3703/欣陸,營建,-0.08,0.10,0.02,-0.15,-0.14,0.02,-0.23,72.13
692,2504/國產,營建,0.13,-0.10,-0.41,-0.09,0.06,0.18,-0.23,76.41
693,1526/日馳,電機,0.00,0.00,0.00,0.00,-0.11,-0.13,-0.24,36.98
694,3168/眾福科,光電,-0.17,-0.06,0.47,0.09,0.03,-0.60,-0.24,74.97
695,1109/信大,水泥,-0.24,0.10,0.15,-0.24,-0.04,0.03,-0.24,79.73
696,2511/太子,營建,-0.12,-0.09,-0.05,-0.11,0.12,0.01,-0.24,79.66
697,1234/黑松,食品,-0.05,-0.01,-0.06,-0.04,-0.02,-0.06,-0.24,83.29
698,1806/冠軍,玻璃,-0.25,0.01,-0.02,0.07,-0.01,-0.05,-0.25,74.31
699,1733/五鼎,生技醫療業,-0.34,-0.13,0.00,0.07,0.10,0.05,-0.25,39.77
700,3321/同泰,電子零組件,-0.48,0.46,0.04,0.21,0.01,-0.49,-0.25,47.43
701,6184/大豐電,其他,0.00,0.00,0.00,0.00,0.01,-0.26,-0.25,72.41
702,7791/皇家可口,食品,0.00,-0.01,-0.02,-0.05,-0.07,-0.11,-0.26,81.39
703,1903/士紙,造紙,-0.04,0.01,0.03,-0.13,0.01,-0.14,-0.26,80.63
704,5471/松翰,半導體,-0.25,-0.18,0.16,0.91,1.05,-1.95,-0.26,31.42
705,2451/創見,半導體,-0.27,0.50,0.26,0.57,-1.36,0.03,-0.27,78.03
706,9930/中聯資源,綠能,0.01,0.00,0.00,-0.19,0.01,-0.10,-0.27,78.20
707,3716/中化控股,生技醫療業,-0.12,0.09,-0.14,-0.09,0.01,-0.03,-0.28,53.74
708,1536/和大,汽車,-0.38,0.10,0.19,0.38,-0.15,-0.42,-0.28,34.74
709,2104/國際中橡,橡膠,-0.03,-0.06,0.22,-0.22,-0.15,-0.05,-0.29,45.21
710,1232/大統益,食品,-0.03,-0.26,-0.01,0.02,-0.02,0.01,-0.29,73.71
711,6670/復盛應用,運動,-0.78,-0.32,0.11,0.23,0.10,0.37,-0.29,77.88
712,1786/科妍,生技醫療業,0.43,-0.09,-0.70,-1.33,1.20,0.19,-0.30,50.99
713,3058/立德,電子零組件,-0.43,-0.08,-0.13,-0.05,0.27,0.12,-0.30,22.70
714,2887/台新新光金,金融,-0.18,0.03,0.00,-0.17,0.13,-0.11,-0.30,72.98
715,3044/健鼎,電子零組件,0.60,-0.59,0.42,-0.11,-0.49,-0.13,-0.30,80.88
716,6152/百一,通信網路,-0.31,0.18,0.35,-0.74,-0.13,0.35,-0.30,23.50
717,3032/偉訓,電子零組件,-0.05,-0.55,-0.20,1.97,-0.29,-1.19,-0.31,52.51
718,2330/台積電,半導體,-0.03,-0.08,-0.04,-0.10,-0.08,0.02,-0.31,88.14
719,8462/柏文,運動,0.04,-0.18,-0.10,0.02,-0.09,0.00,-0.31,65.32
720,2633/台灣高鐵,航運,0.10,0.06,0.09,0.02,-0.09,-0.49,-0.31,86.34
721,6005/群益證,金融,-0.79,-0.68,0.42,-0.20,0.00,0.93,-0.32,75.74
722,2514/龍邦,其他,-0.35,0.01,-0.01,0.01,0.01,0.01,-0.32,88.25
723,1231/聯華食,食品,-0.06,-0.02,-0.02,0.00,-0.20,-0.03,-0.33,64.65
724,5222/全訊,半導體,0.52,-0.38,-0.01,-0.07,-0.08,-0.31,-0.33,32.27
725,5306/桂盟,運動,-0.11,-0.21,0.22,-0.33,0.05,0.05,-0.33,68.90
726,4590/富田-創,電機,-0.01,-0.01,-0.18,-0.05,-0.08,-0.01,-0.34,49.09
727,4106/雃博,生技醫療業,0.06,0.01,0.04,0.01,-0.01,-0.46,-0.35,49.84
728,2211/長榮鋼,鋼鐵,-0.06,-0.46,0.57,-0.37,0.05,-0.09,-0.36,82.85
729,2009/第一銅,鋼鐵,-0.83,-0.20,0.14,0.58,-0.46,0.41,-0.36,58.43
730,1217/愛之味,食品,-0.18,-0.22,-0.10,-0.10,0.19,0.04,-0.37,60.02
731,6196/帆宣,其他電子,0.12,-0.02,-0.22,0.06,-0.34,0.02,-0.38,71.89
732,6438/迅得,其他電子,-0.51,0.86,-2.45,0.73,-0.15,1.14,-0.38,34.04
733,2115/六暉-KY,汽車,-0.02,-0.41,0.04,0.11,0.37,-0.48,-0.39,69.43
734,2323/中環,光電,-0.32,-0.07,0.69,-0.30,-0.34,-0.05,-0.39,44.26
735,6183/關貿,資訊服務,-0.41,0.00,0.00,0.00,0.02,0.00,-0.39,77.43
736,6722/輝創,其他電子,0.01,0.03,0.03,0.08,0.01,-0.55,-0.39,76.33
737,2108/南帝,橡膠,0.05,-0.36,-0.39,0.37,0.22,-0.28,-0.39,69.70
738,2062/橋椿,居家,-0.13,-0.27,0.00,0.04,0.22,-0.26,-0.40,61.82
739,3094/聯傑,半導體,-1.43,-0.09,3.13,-2.92,0.29,0.62,-0.40,17.64
740,1432/大魯閣,運動,-0.39,-0.03,0.00,0.00,0.01,0.00,-0.41,54.84
741,6962/奕力-KY,半導體,0.33,-0.54,0.35,-0.18,0.14,-0.52,-0.42,52.40
742,6426/統新,通信網路,-1.29,0.15,-1.29,0.25,1.24,0.52,-0.42,42.38
743,3040/遠見,其他,-0.11,0.13,0.50,-1.06,0.08,0.04,-0.42,70.02
744,1465/偉全,紡織,-0.02,0.00,-0.41,0.00,0.00,0.01,-0.42,72.02
745,2038/海光,鋼鐵,-0.01,-0.33,-0.11,0.09,-0.04,-0.02,-0.42,53.92
746,2707/晶華,觀光,-0.39,-0.09,-0.08,-0.21,-0.41,0.76,-0.42,60.94
747,2453/凌群,資訊服務,0.05,0.09,-0.05,0.01,0.00,-0.52,-0.42,45.47
748,4585/達明,其他電子,-0.42,0.00,-0.01,0.00,0.00,0.00,-0.43,76.72
749,1229/聯華,食品,0.01,-0.01,0.03,-0.31,-0.05,-0.10,-0.43,64.95
750,9924/福興,居家,0.00,-0.03,0.01,0.06,0.06,-0.53,-0.43,61.84
751,2832/台產,金融,-0.33,-0.01,0.18,-0.03,-0.12,-0.12,-0.43,68.71
752,6921/嘉雨思-創,半導體,-0.44,0.00,0.00,0.00,0.00,0.00,-0.44,80.29
753,2642/宅配通,航運,-0.01,0.00,-0.44,0.42,-0.42,0.00,-0.45,60.38
754,1783/和康生,生技醫療業,-0.07,0.15,-0.10,-0.41,-0.04,0.02,-0.45,63.62
755,6589/台康生技,生技醫療業,-0.38,-0.39,0.37,0.52,-0.61,0.03,-0.46,57.42
756,2884/玉山金,金融,0.01,0.05,-0.20,0.02,-0.01,-0.33,-0.46,70.69
757,2417/圓剛,電腦週邊,1.83,-0.45,-0.83,-0.69,0.17,-0.49,-0.46,43.01
758,1440/南紡,紡織,-0.08,0.01,-0.07,-0.18,-0.01,-0.13,-0.46,78.09
759,4807/日成-KY,貿易百貨,-0.30,-0.81,1.17,0.82,-1.01,-0.34,-0.47,72.51
760,2727/王品,觀光,-2.39,-0.10,0.60,1.50,0.14,-0.23,-0.48,34.02
761,7631/聚賢研發-創,其他電子,-0.60,0.07,0.02,0.02,0.00,0.01,-0.48,72.36
762,2889/國票金,金融,-0.22,-0.07,-0.12,-0.09,0.03,-0.01,-0.48,74.40
763,7769/鴻勁,半導體,0.48,-0.36,-0.35,-0.04,-0.25,0.04,-0.48,68.06
764,6668/中揚光,光電,-0.85,0.03,0.85,0.44,0.17,-1.13,-0.49,54.75
765,6691/洋基工程,其他電子,0.64,-0.27,-0.40,-0.15,-0.31,0.00,-0.49,69.35
766,9802/鈺齊-KY,運動,-0.77,0.02,0.45,-0.23,-0.01,0.05,-0.49,65.39
767,6491/晶碩,生技醫療業,-1.21,-0.17,-0.39,0.10,0.03,1.15,-0.49,58.86
768,9945/潤泰新,其他,-0.19,-0.01,0.11,-0.24,-0.13,-0.03,-0.49,64.48
769,5434/崇越,電子通路,0.26,-0.05,-0.23,-0.28,-0.35,0.15,-0.50,54.35
770,2348/海悅,其他,-0.03,-0.27,-0.08,-0.07,-0.03,-0.02,-0.50,70.51
771,1504/東元,電機,0.19,0.15,-0.39,-0.42,-0.04,0.00,-0.51,73.52
772,8422/可寧衛*,綠能,-0.21,-0.65,0.27,-0.12,0.15,0.05,-0.51,38.95
773,2305/全友,電腦週邊,-0.04,-0.23,-0.04,-2.15,1.08,0.87,-0.51,67.84
774,2539/櫻花建,營建,0.03,-0.01,0.01,-0.23,-0.14,-0.17,-0.51,87.15
775,5519/隆大,營建,-0.54,0.09,0.21,-0.42,0.35,-0.20,-0.51,58.19
776,3055/蔚華科,電子通路,0.42,-0.89,0.28,-0.31,-0.48,0.46,-0.52,68.79
777,3447/展達,通信網路,0.03,0.01,-0.02,-0.55,0.00,0.00,-0.53,58.94
778,6924/榮惠-KY創,電子零組件,0.00,0.00,0.00,-0.05,-0.44,-0.04,-0.53,82.21
779,1227/佳格,食品,-0.14,-0.18,-0.12,0.02,-0.05,-0.07,-0.54,67.40
780,5880/合庫金,金融,-0.07,-0.05,-0.05,-0.17,-0.13,-0.08,-0.55,72.53
781,1615/大山,電器電纜,-0.02,-0.22,-0.15,-0.16,0.03,-0.04,-0.56,80.42
782,2388/威盛,半導體,0.99,-0.43,-0.90,-0.42,2.12,-1.93,-0.57,67.81
783,2880/華南金,金融,0.08,-0.16,-0.10,0.00,-0.05,-0.34,-0.57,80.48
784,2485/兆赫,通信網路,-1.37,1.45,-1.34,2.76,-2.83,0.76,-0.57,21.29
785,9917/中保科,其他,-0.26,-0.03,-0.14,-0.02,0.00,-0.12,-0.57,77.37
786,6598A/BC-KY,生技醫療業,-0.04,0.38,-0.05,-0.05,-0.26,-0.55,-0.57,50.81
787,5515/建國,營建,-0.11,-0.13,0.09,0.30,-0.73,0.00,-0.58,70.14
788,1736/喬山,運動,-0.35,0.27,0.06,-0.40,0.02,-0.18,-0.58,87.50
789,6585/鼎基,其他,-0.02,-0.15,0.01,-0.44,0.00,0.01,-0.59,79.53
790,5907/大洋-KY,貿易百貨,-0.46,0.30,-0.73,0.12,-0.26,0.44,-0.59,69.84
791,4545/銘鈺,電子零組件,-0.40,-0.01,0.00,0.01,-0.10,-0.09,-0.59,73.20
792,6933A/MAX-KY,電腦週邊,-0.29,-0.09,-0.02,-0.03,-0.05,-0.13,-0.61,61.83
793,2748/雲品,觀光,-0.42,-0.16,0.01,0.04,0.04,-0.12,-0.61,61.32
794,3592/瑞鼎,半導體,0.06,-0.55,0.41,-0.17,0.32,-0.68,-0.61,39.94
795,9941/裕融,其他,0.57,0.15,-0.19,-0.68,-0.06,-0.41,-0.62,67.27
796,1533/車王電,汽車,-0.04,-0.03,-0.51,-0.01,-0.03,-0.01,-0.63,63.36
797,2610/華航,航運,-0.60,-0.21,0.02,0.31,0.09,-0.24,-0.63,67.63
798,1326/台化,塑膠,-0.18,0.47,0.01,-0.45,-0.29,-0.19,-0.63,81.35
799,1730/花仙子,化學,0.00,-0.64,0.00,0.00,0.00,0.00,-0.64,57.31
800,2515/中工,營建,-0.37,0.25,0.11,-0.27,0.09,-0.45,-0.64,60.47
801,1416/廣豐,其他,-0.18,-0.07,-0.05,-0.31,-0.34,0.31,-0.64,55.23
802,9910/豐泰,運動,0.05,-0.36,0.00,-0.09,-0.08,-0.17,-0.65,89.71
803,3694/海華,通信網路,-0.14,-0.05,-0.42,-0.64,0.30,0.30,-0.65,61.67
804,4766/南寶,化學,0.69,0.02,0.04,-1.49,0.36,-0.27,-0.65,69.29
805,9925/新保,其他,-0.08,-0.14,-0.17,-0.10,0.04,-0.20,-0.65,68.51
806,1316/上曜,營建,-0.24,-0.53,0.05,0.24,-0.36,0.18,-0.66,39.28
807,1324/地球,塑膠,-0.25,0.01,-0.21,-0.16,0.00,-0.05,-0.66,66.72
808,3049/精金,光電,-0.75,-0.27,0.25,-0.07,-0.33,0.51,-0.66,47.85
809,1104/環泥,水泥,-0.03,0.00,-0.11,-0.11,-0.10,-0.32,-0.67,73.76
810,9911/櫻花,居家,-0.44,0.00,-0.08,-0.02,0.07,-0.21,-0.68,68.15
811,6472/保瑞,生技醫療業,-0.42,0.31,0.00,-0.56,0.12,-0.13,-0.68,54.90
812,3060/銘異,電腦週邊,-1.44,-1.47,0.88,-1.19,0.46,2.06,-0.70,19.35
813,6901/鑽石投資,其他,-0.02,-0.02,-0.16,-0.32,-0.09,-0.09,-0.70,84.91
814,1611/中電,電器電纜,-0.38,0.05,-0.23,-0.13,-0.03,0.01,-0.71,53.46
815,1618/合機,電器電纜,-0.71,0.03,-0.03,0.02,0.07,-0.09,-0.71,56.18
816,2345/智邦,通信網路,-0.49,-0.02,0.31,-0.78,0.32,-0.05,-0.71,70.60
817,2471/資通,資訊服務,-0.31,0.12,-0.11,-0.09,0.68,-1.00,-0.71,22.95
818,1731/美吾華,生技醫療業,0.33,-0.62,0.01,-0.29,0.00,-0.14,-0.71,56.38
819,3679/新至陞,電子零組件,0.00,0.00,-0.71,0.00,0.00,0.00,-0.71,65.89
820,6128/上福,電腦週邊,0.00,-0.04,0.00,0.01,-0.68,-0.01,-0.72,58.65
821,2208/台船,航運,0.39,-0.11,0.10,-0.46,-0.51,-0.13,-0.72,56.68
822,2634/漢翔,航運,0.07,-0.35,0.40,-0.91,-0.18,0.25,-0.72,48.28
823,8081/致新,半導體,0.36,-0.73,0.39,0.00,-0.86,0.12,-0.72,39.58
824,6112/邁達特,資訊服務,-0.01,-0.12,-0.11,-0.31,-0.07,-0.10,-0.72,58.66
825,2611/志信,航運,-0.58,-0.51,-0.06,-0.07,0.14,0.36,-0.72,45.44
826,2427/三商電,資訊服務,-0.14,-0.13,-0.19,-0.37,0.01,0.09,-0.73,53.66
827,1218/泰山,食品,-0.19,-0.22,0.01,-0.08,-0.09,-0.16,-0.73,68.60
828,6994/富威電力,綠能,-0.24,-0.63,0.59,-0.49,0.57,-0.53,-0.73,61.50
829,2630/亞航,航運,0.62,-0.92,0.56,-1.07,0.06,0.02,-0.73,65.73
830,2820/華票,金融,-0.09,-0.15,-0.19,-0.02,-0.13,-0.19,-0.77,65.86
831,6625/必應,其他,-0.77,0.00,0.00,0.00,0.00,0.00,-0.77,48.88
832,2723/美食-KY,觀光,-0.47,0.48,0.05,-0.48,-0.01,-0.34,-0.77,68.28
833,2364/倫飛,電腦週邊,0.09,-0.08,0.07,-0.07,-0.78,0.00,-0.77,55.03
834,2608/嘉里大榮,航運,-0.03,-0.09,-0.27,-0.01,-0.17,-0.20,-0.77,76.84
835,1809/中釉,玻璃,0.46,-0.36,1.81,1.05,-1.15,-2.59,-0.78,51.01
836,6165/浪凡,雲端,0.47,2.34,-1.85,-1.08,-0.05,-0.61,-0.78,47.33
837,5288/豐祥-KY,電機,0.06,0.09,-0.11,-0.94,0.09,0.02,-0.79,68.46
838,8464/億豐,居家,0.10,-0.35,0.23,-0.52,-0.34,0.09,-0.79,87.00
839,3023/信邦,電子零組件,-0.36,0.54,0.31,-0.39,-0.85,-0.04,-0.79,67.35
840,6944/兆聯實業,綠能,0.36,-1.50,0.46,0.01,0.00,-0.12,-0.79,49.81
841,2845/遠東銀,金融,-0.05,-0.09,-0.11,-0.25,-0.17,-0.13,-0.80,72.71
842,3518/柏騰,其他電子,-0.56,-0.32,0.01,0.78,-0.35,-0.36,-0.80,40.29
843,2468/華經,資訊服務,0.04,-0.17,-0.14,-0.73,-0.04,0.24,-0.80,51.52
844,3037/欣興,電子零組件,0.02,-0.73,-0.93,-0.11,0.15,0.79,-0.81,76.81
845,6209/今國光,光電,1.19,-1.11,3.97,-2.11,3.36,-6.11,-0.81,46.06
846,3380/明泰,通信網路,0.16,-0.58,-0.82,-0.49,-0.05,0.97,-0.81,67.85
847,1603/華電,電器電纜,-0.14,-0.05,-0.06,-0.30,-0.26,-0.01,-0.82,72.27
848,2382/廣達,電腦週邊,0.35,-0.10,0.16,0.09,-0.96,-0.36,-0.82,84.87
849,6579/研揚,電腦週邊,-0.03,-0.37,-0.19,-0.20,0.00,-0.04,-0.83,85.73
850,4133/亞諾法,生技醫療業,0.00,0.00,0.00,-0.83,0.00,0.00,-0.83,22.86
851,2207/和泰車,汽車,-0.09,-0.28,0.00,-0.16,0.02,-0.32,-0.83,89.18
852,6405/悅城,光電,0.94,-1.06,-0.59,-0.55,-0.41,0.84,-0.83,52.42
853,4438/廣越,紡織,-0.02,0.01,-0.76,-0.02,-0.05,0.01,-0.83,66.33
854,3036/文曄,電子通路,-0.44,-0.28,-0.25,0.18,-0.23,0.18,-0.84,89.27
855,9919/康那香,其他,-0.31,-0.05,0.04,-0.12,-0.18,-0.23,-0.85,45.67
856,8072/陞泰,電子通路,-0.12,-0.17,0.12,-0.06,-0.10,-0.52,-0.85,60.30
857,2501/國建,營建,0.41,-0.57,-0.18,-0.33,-0.02,-0.16,-0.85,76.69
858,2383/台光電,電子零組件,-0.37,-0.18,-0.07,0.10,-0.21,-0.13,-0.86,69.63
859,1310/台苯,塑膠,-0.14,-0.34,0.23,-0.53,-0.06,-0.02,-0.86,30.24
860,2033/佳大,鋼鐵,-0.04,0.12,-1.04,-0.38,0.31,0.16,-0.87,74.17
861,3030/德律,其他電子,-2.16,0.55,1.55,-0.61,-0.70,0.49,-0.88,61.41
862,6914/阜爾運通,其他,-0.08,-0.06,-0.06,-0.03,-0.65,0.00,-0.88,71.77
863,6591/動力-KY,電腦週邊,0.01,-0.01,0.17,-1.11,0.07,-0.01,-0.88,27.16
864,1210/大成,食品,-0.08,0.04,-0.50,-0.13,0.15,-0.37,-0.89,62.68
865,1529/樂事綠能,電機,0.00,0.08,-0.11,-0.27,-0.29,-0.30,-0.89,46.25
866,3010/華立,電子通路,0.29,-0.47,-0.35,-1.04,0.03,0.65,-0.89,64.92
867,1307/三芳,塑膠,-0.05,-0.20,-0.09,0.03,-0.31,-0.28,-0.90,80.49
868,1446/宏和,紡織,-0.07,-0.06,0.03,-0.62,-0.19,0.00,-0.91,68.04
869,2480/敦陽科,資訊服務,-0.22,-0.26,-0.44,0.30,0.85,-1.14,-0.91,30.54
870,2308/台達電,電子零組件,-0.35,0.02,-0.15,-0.28,-0.35,0.20,-0.91,83.53
871,9921/巨大,運動,-0.10,-0.05,-0.19,0.41,-0.39,-0.59,-0.91,64.55
872,2548/華固,營建,0.33,0.06,-0.34,-0.19,-0.27,-0.51,-0.92,57.41
873,1102/亞泥,水泥,0.32,-0.04,-0.09,0.08,-0.20,-0.99,-0.92,81.21
874,2228/劍麟,汽車,0.61,-0.49,-0.33,-0.04,-0.14,-0.53,-0.92,55.52
875,1712/興農,化學,-0.01,-0.04,-0.09,-0.27,-0.20,-0.31,-0.92,57.37
876,4999/鑫禾,電子零組件,-0.14,-0.05,-0.03,-0.13,-0.01,-0.56,-0.92,41.46
877,2605/新興,航運,-0.31,-0.16,-0.34,-0.03,-0.47,0.39,-0.92,55.04
878,3296/勝德,電子零組件,-0.42,-0.10,0.02,0.07,-0.30,-0.20,-0.93,76.69
879,1319/東陽,汽車,-0.73,-0.11,-0.25,0.01,0.16,-0.01,-0.93,82.84
880,4536/拓凱,運動,-0.77,-0.43,-0.79,0.55,-0.02,0.53,-0.93,56.09
881,6614/資拓宏宇,雲端,-0.11,-0.09,-0.07,-0.52,-0.03,-0.13,-0.95,74.51
882,1442/名軒,營建,-0.07,-0.16,-0.39,-0.17,0.01,-0.17,-0.95,86.18
883,2801/彰銀,金融,0.03,-0.01,-0.22,-0.29,-0.22,-0.24,-0.95,76.13
884,3669/圓展,通信網路,0.03,-0.09,-0.07,-0.91,0.06,0.01,-0.97,61.25
885,2890/永豐金,金融,-0.14,0.00,-0.19,-0.19,-0.23,-0.24,-0.99,79.66
886,1515/力山,電機,-0.49,0.31,-0.28,-0.18,-0.06,-0.29,-0.99,52.01
887,2248/華勝-KY,汽車,-0.16,-0.05,0.00,0.00,-0.79,0.00,-1.00,79.55
888,2636/台驊控股,航運,-0.20,-0.25,0.33,-0.18,-0.43,-0.27,-1.00,40.69
889,1301/台塑,塑膠,-0.11,-0.08,0.04,-0.57,-0.17,-0.12,-1.01,72.92
890,2331/精英,電腦週邊,-0.29,0.03,0.06,-0.03,0.11,-0.90,-1.02,58.56
891,2892/第一金,金融,-0.07,0.04,0.30,0.29,-0.97,-0.61,-1.02,68.96
892,1519/華城,電機,-0.19,-0.03,-0.06,-0.46,-0.41,0.11,-1.04,75.02
893,2360/致茂,其他電子,-0.58,0.28,-1.28,0.08,0.05,0.41,-1.04,71.18
894,5244/弘凱,光電,-0.62,-0.85,-0.19,0.57,0.04,0.00,-1.05,47.18
895,2466/冠西電,光電,-0.32,0.22,-0.40,-0.52,-0.01,-0.02,-1.05,87.66
896,3711/日月光投控,半導體,-0.18,-0.24,-0.09,-0.11,-0.28,-0.16,-1.06,87.76
897,6526/達發,半導體,0.06,-0.36,-0.08,-0.83,-0.02,0.17,-1.06,78.00
898,2498/宏達電,通信網路,-0.75,-0.31,0.33,0.20,-1.22,0.68,-1.07,40.18
899,6743/安普新,其他電子,-0.42,-0.43,0.58,-0.27,-0.54,0.01,-1.07,62.90
900,4532/瑞智,電機,-0.76,-0.13,-0.10,-0.27,0.09,0.09,-1.08,69.25
901,1623/大東電,電器電纜,-0.56,-0.09,-0.07,-0.01,-0.09,-0.26,-1.08,78.45
902,2355/敬鵬,電子零組件,-3.40,1.47,2.06,1.64,1.35,-4.21,-1.09,44.46
903,2534/宏盛,營建,0.01,-0.04,-0.17,-0.25,-0.17,-0.49,-1.11,72.52
904,9958/世紀鋼,鋼鐵,-0.41,0.17,0.14,0.49,-1.09,-0.41,-1.11,55.19
905,6931/青松健康,生技醫療業,-0.05,-0.21,0.23,-0.78,-0.16,-0.15,-1.12,70.94
906,3150/鈺寶-創,半導體,0.02,0.03,-0.23,-0.94,0.00,0.00,-1.12,54.20
907,6719/力智,半導體,-0.05,0.01,-0.10,-0.38,-0.41,-0.21,-1.14,50.04
908,1708/東鹼,化學,-0.56,0.92,-1.00,2.50,-0.71,-2.33,-1.18,46.60
909,1905/華紙,造紙,-0.19,-0.16,-0.20,-0.21,-0.34,-0.10,-1.20,71.40
910,2031/新光鋼,鋼鐵,-0.83,0.18,-0.05,-0.21,-0.29,0.00,-1.20,54.00
911,2834/臺企銀,金融,0.30,-0.13,-0.48,-0.41,-0.24,-0.24,-1.20,59.96
912,9955/佳龍,綠能,-0.92,-0.26,-0.97,0.41,0.49,0.03,-1.22,63.70
913,1402/遠東新,紡織,-0.23,0.13,-0.04,0.27,0.19,-1.55,-1.23,86.71
914,6177/達麗,營建,0.16,-0.27,-0.04,-0.40,-0.05,-0.63,-1.23,75.10
915,1720/生達,生技醫療業,-0.91,0.01,-0.13,-0.09,-0.02,-0.09,-1.23,65.17
916,1560/中砂,電機,-0.46,-1.00,0.33,0.80,-0.24,-0.67,-1.24,66.13
917,5388/中磊,通信網路,-0.11,-1.07,-1.34,-1.85,0.57,2.55,-1.25,53.68
918,3535/晶彩科,光電,-0.08,1.53,-2.72,-0.11,0.26,-0.15,-1.27,25.72
919,6830/汎銓,其他電子,-1.26,-0.28,0.37,0.13,-0.03,-0.20,-1.27,35.68
920,1776/展宇,化學,-0.01,0.00,-0.02,0.52,-1.06,-0.71,-1.28,66.00
921,2006/東和鋼鐵,鋼鐵,-0.27,-0.22,-0.23,-0.22,-0.04,-0.31,-1.29,79.21
922,6271/同欣電,半導體,-1.75,-1.90,-1.98,0.93,4.36,-0.96,-1.30,50.66
923,4771/望隼,生技醫療業,0.00,0.04,-0.09,-0.04,-0.31,-0.90,-1.30,59.23
924,3701/大眾控,電腦週邊,0.00,1.09,-1.57,-0.49,-0.02,-0.31,-1.30,73.41
925,2547/日勝生,營建,-0.24,-0.20,-0.25,-0.19,-0.40,-0.02,-1.30,69.61
926,7721/微程式,雲端,-0.57,-0.81,0.01,0.79,-0.73,-0.01,-1.32,61.83
927,2912/統一超,貿易百貨,0.44,-0.25,0.00,-0.17,-0.21,-1.14,-1.33,83.11
928,1702/南僑,食品,-0.13,-0.28,-0.57,0.21,-0.51,-0.06,-1.34,56.60
929,3028/增你強,電子通路,0.34,0.64,0.26,-1.54,-0.47,-0.58,-1.35,46.12
930,3059/華晶科,光電,0.03,-0.33,0.58,-0.25,-2.79,1.39,-1.37,26.06
931,2010/春源,鋼鐵,0.14,0.20,-0.02,-1.16,-0.27,-0.26,-1.37,69.91
932,1722/台肥,化學,-0.33,0.31,-1.27,0.06,-0.33,0.19,-1.37,64.36
933,1256/鮮活果汁-KY,食品,-0.08,-0.06,-1.28,-0.07,0.00,0.08,-1.41,61.29
934,2459/敦吉,其他電子,-0.62,-0.12,-0.47,-0.06,-0.11,-0.03,-1.41,53.94
935,4746/台耀,生技醫療業,-0.84,0.39,0.61,-0.09,0.20,-1.70,-1.43,40.70
936,6409/旭隼,其他電子,-1.55,0.94,-0.37,-2.70,0.80,1.44,-1.44,59.02
937,1707/葡萄王,生技醫療業,0.04,-0.06,-0.07,-0.08,-0.31,-0.97,-1.45,56.48
938,3013/晟銘電,電腦週邊,-0.45,0.57,-1.88,0.22,-0.37,0.44,-1.47,46.20
939,3164/景岳,生技醫療業,0.02,-0.01,-0.07,-0.01,-0.73,-0.68,-1.48,54.48
940,8271/宇瞻,半導體,3.20,0.81,-0.34,-4.18,0.31,-1.31,-1.51,48.81
941,2731/雄獅,觀光,-1.27,-0.66,-0.04,-0.17,0.92,-0.30,-1.52,48.10
942,3605/宏致,電子零組件,-1.09,1.45,-2.14,0.08,0.05,0.12,-1.53,45.43
943,1312/國喬,塑膠,-1.10,-0.38,-0.14,-0.34,0.17,0.24,-1.55,53.02
944,6669/緯穎,電腦週邊,0.04,-0.09,-0.10,-1.14,0.57,-0.84,-1.56,63.99
945,8039/台虹,電子零組件,-4.40,0.63,-0.80,1.74,-1.77,3.03,-1.57,59.21
946,6451/訊芯-KY,半導體,-0.13,-1.33,-0.70,0.41,0.32,-0.14,-1.57,75.81
947,6672/騰輝電子-KY,電子零組件,-2.88,3.07,5.59,-1.43,-0.78,-5.15,-1.58,26.34
948,3501/維熹,電子零組件,0.00,0.02,0.10,-1.18,-0.30,-0.23,-1.59,51.80
949,3443/創意,半導體,-0.11,0.61,-0.13,-1.63,-0.47,0.11,-1.62,67.03
950,3062/建漢,通信網路,-1.26,-0.54,-0.58,-2.59,1.31,2.03,-1.63,27.84
951,5469/瀚宇博,電子零組件,0.43,-1.23,-0.51,-0.50,-0.14,0.32,-1.63,70.97
952,6168/宏齊,光電,-1.12,1.11,-2.18,-0.38,2.34,-1.40,-1.63,46.58
953,5534/長虹,營建,-0.54,-0.13,-0.35,-0.01,-0.09,-0.51,-1.63,68.39
954,2812/台中銀,金融,-0.52,-0.13,-0.33,-0.23,-0.23,-0.20,-1.64,58.60
955,2397/友通,電腦週邊,-0.48,0.20,-0.37,-0.54,0.00,-0.48,-1.67,71.54
956,8249/菱光,電子零組件,0.02,0.29,0.18,-0.18,-0.99,-0.99,-1.67,56.06
957,6854/錼創科技-KY創,半導體,-0.29,-0.89,-0.03,-0.05,0.92,-1.33,-1.67,65.91
958,6133/金橋,電子零組件,-0.74,-0.19,0.40,-0.52,-0.51,-0.12,-1.68,46.88
959,1522/堤維西,汽車,-0.12,-0.44,-0.26,-1.18,-0.10,0.41,-1.69,58.29
960,1449/佳和,紡織,-1.10,-0.43,0.68,-0.81,-0.04,0.01,-1.69,39.69
961,4137/麗豐-KY,生技醫療業,-0.02,-0.55,-0.26,-0.36,-0.50,0.00,-1.69,53.74
962,6108/競國,電子零組件,-0.37,-0.37,1.31,-1.61,-0.21,-0.45,-1.70,52.22
963,1503/士電,電機,-0.26,0.07,-0.21,-0.29,-0.67,-0.34,-1.70,73.95
964,6806/森崴能源,綠能,-1.45,-0.28,0.05,1.14,-1.17,0.01,-1.70,56.43
965,2393/億光,光電,0.06,-0.01,0.24,-1.14,-0.39,-0.52,-1.76,66.19
966,1476/儒鴻,紡織,-0.21,-0.01,-0.11,-0.11,-0.31,-1.03,-1.78,81.82
967,4968/立積,半導體,-1.53,-0.07,-1.29,-0.77,0.68,1.20,-1.78,16.90
968,8110/華東,半導體,-0.23,-0.26,-0.41,0.21,-1.49,0.38,-1.80,53.48
969,6239/力成,半導體,-1.04,-2.01,0.22,-0.72,2.02,-0.27,-1.80,74.38
970,6955/邦睿生技-創,生技醫療業,-0.07,-0.09,-1.65,0.00,0.00,0.00,-1.81,60.27
971,6969/成信實業*-創,綠能,-0.26,-1.08,-0.31,0.03,-0.09,-0.11,-1.82,60.74
972,3665/貿聯-KY,其他電子,-0.33,-0.03,-1.91,-0.08,-0.31,0.82,-1.84,62.06
973,6139/亞翔,其他電子,0.10,-1.35,-0.58,-0.24,0.91,-0.72,-1.88,69.65
974,7730/暉盛-創,半導體,-0.08,0.00,-0.20,-0.06,-1.37,-0.19,-1.90,70.49
975,1215/卜蜂,食品,0.17,-0.34,-0.95,-0.45,1.83,-2.17,-1.91,63.75
976,2324/仁寶,電腦週邊,0.57,-0.77,-0.54,0.00,-1.30,0.12,-1.92,66.04
977,4566/時碩工業,電機,0.35,-0.69,-1.57,-0.20,0.08,0.09,-1.94,53.52
978,2002/中鋼,鋼鐵,-0.14,-0.54,-0.24,-0.37,-0.18,-0.52,-1.99,52.46
979,8045/達運光電,通信網路,0.11,-0.06,0.05,-0.07,-0.80,-1.24,-2.01,68.01
980,2484/希華,電子零組件,-3.14,-0.18,0.03,-6.49,0.13,7.64,-2.01,31.25
981,2367/燿華,電子零組件,-2.28,1.81,-0.24,2.44,-3.00,-0.75,-2.02,27.51
982,1587/吉茂,汽車,-0.78,-0.08,-0.41,0.27,-0.58,-0.45,-2.03,47.63
983,4576/大銀微系統,電機,0.13,-1.23,-2.24,1.06,0.50,-0.28,-2.06,67.51
984,8996/高力,電機,0.28,0.41,-1.37,-0.67,0.83,-1.55,-2.07,52.01
985,3437/榮創,光電,-0.79,-1.87,-0.29,-0.15,0.11,0.91,-2.08,24.29
986,6515/穎崴,半導體,0.00,-0.43,0.64,-0.86,-0.05,-1.39,-2.09,52.14
987,6937/天虹,半導體,-0.86,-0.43,-0.63,-0.20,0.62,-0.61,-2.11,63.82
988,2436/偉詮電,半導體,-4.24,-0.89,1.12,-3.27,1.38,3.79,-2.11,27.36
989,6861/睿生光電,生技醫療業,2.00,-0.37,-2.92,0.07,-0.68,-0.25,-2.15,57.65
990,8103/瀚荃,電子零組件,-1.04,3.33,-0.45,-2.05,-0.07,-1.92,-2.20,49.38
991,2337/旺宏,半導體,-2.50,5.73,-3.17,-0.21,-6.37,4.30,-2.22,50.73
992,6906/現觀科,雲端,0.01,0.00,-0.09,-1.90,0.01,-0.25,-2.22,58.22
993,3673T/PK-KY,光電,0.28,-1.53,-1.18,-2.58,2.34,0.42,-2.25,50.39
994,7765/中華資安,雲端,-1.10,-0.01,-0.13,-1.00,0.00,-0.01,-2.25,60.76
995,6605/帝寶,汽車,-0.60,-0.43,-0.19,-0.34,0.03,-0.73,-2.26,66.06
996,2329/華泰,半導體,0.00,-0.44,0.05,-1.52,-2.22,1.87,-2.26,53.71
997,3167/大量,電機,-0.45,0.02,-1.40,0.15,-1.02,0.43,-2.27,60.82
998,8011/台通,通信網路,-1.31,-0.43,0.01,-0.23,-0.21,-0.15,-2.32,30.16
999,2371/大同,電機,-0.85,0.09,-0.16,-0.83,-0.29,-0.28,-2.32,48.50
1000,4763/材料*-KY,化學,-0.50,-0.97,-0.58,0.04,-0.02,-0.38,-2.41,59.44
1001,3025/星通,通信網路,-0.85,0.34,-0.71,-1.33,-0.74,0.88,-2.41,27.98
1002,2354/鴻準,其他電子,-0.11,-0.37,-0.08,-1.35,-0.64,0.13,-2.42,44.80
1003,9105/泰金寶-DR,存託憑證,-0.16,0.17,-0.21,-0.20,2.33,-4.37,-2.44,28.11
1004,6257/矽格,半導體,-1.23,-0.22,-0.14,-1.58,0.88,-0.15,-2.44,52.35
1005,7749/意騰-KY,半導體,-0.02,-0.02,0.39,-0.85,-1.87,-0.07,-2.44,48.05
1006,2419/仲琦,通信網路,-2.84,-0.08,-0.39,0.14,-0.12,0.81,-2.48,65.68
1007,2236/百達-KY,汽車,0.66,-0.85,-0.77,-1.21,0.81,-1.12,-2.48,74.11
1008,6176/瑞儀,光電,-0.73,-2.56,-1.23,0.35,1.11,0.55,-2.51,58.60
1009,6641/基士德-KY,綠能,-0.07,-1.15,-1.25,-0.04,0.00,0.00,-2.51,60.62
1010,6782/視陽,生技醫療業,0.93,-0.16,-0.67,-1.48,-1.02,-0.13,-2.53,46.28
1011,3005/神基,電腦週邊,-1.10,-0.32,-0.21,-0.44,-0.40,-0.12,-2.59,73.11
1012,2340/台亞,半導體,-1.63,0.29,-2.09,0.04,0.07,0.68,-2.64,38.03
1013,3017/奇鋐,電腦週邊,-0.27,-0.38,-1.72,0.01,-0.15,-0.13,-2.64,65.73
1014,1802/台玻,玻璃,-1.63,-1.33,0.33,-1.40,-1.07,2.46,-2.64,78.73
1015,4164/承業醫,生技醫療業,0.07,-1.30,-0.38,-0.84,-0.02,-0.18,-2.65,50.81
1016,2429/銘旺科,光電,-0.68,-1.18,0.41,-0.19,-0.83,-0.18,-2.65,55.73
1017,2424/隴華,通信網路,-0.63,-0.28,-1.02,0.00,-0.24,-0.64,-2.81,83.63
1018,2377/微星,電腦週邊,0.66,-0.43,-0.02,-1.25,-2.11,0.28,-2.87,58.39
1019,3583/辛耘,半導體,-1.01,-1.01,-0.72,1.55,-0.36,-1.33,-2.88,59.73
1020,7750/新代,電機,0.11,-0.85,-0.42,-0.39,-1.40,0.07,-2.88,77.94
1021,2409/友達,光電,-2.24,-1.08,-0.33,1.81,1.63,-2.68,-2.89,50.41
1022,2543/皇昌,營建,-0.74,-0.25,-0.56,-0.60,-0.45,-0.36,-2.96,70.61
1023,2302/麗正,半導體,-0.29,-0.49,0.27,-0.63,0.09,-1.92,-2.97,65.54
1024,6269/台郡,電子零組件,0.23,-0.68,-0.33,-2.47,-0.35,0.63,-2.97,32.88
1025,6789/采鈺,半導體,-0.62,-1.15,-0.87,-0.26,-0.32,0.22,-3.00,73.49
1026,6909/創控,半導體,-3.20,0.67,-1.37,0.52,0.42,-0.06,-3.02,39.36
1027,9907/統一實,其他,-0.68,-0.32,-0.49,-0.78,-0.53,-0.31,-3.11,76.39
1028,2314/台揚,通信網路,-0.15,0.02,-0.48,0.19,-1.30,-1.39,-3.11,9.46
1029,4967/十銓,半導體,9.60,-7.00,-0.22,-2.71,-2.29,-0.56,-3.18,21.83
1030,2753/八方雲集,觀光,-0.18,-0.37,-0.35,-0.92,-1.44,0.05,-3.21,55.56
1031,6278/台表科,光電,1.72,0.82,-0.39,-1.01,-3.16,-1.20,-3.22,68.54
1032,4958/臻鼎-KY,電子零組件,-0.98,-0.63,-1.30,0.49,0.03,-0.86,-3.25,75.07
1033,2460/建通,電子零組件,-1.93,-0.76,-0.38,-0.51,0.04,0.21,-3.33,59.50
1034,7740/熙特爾-創,綠能,0.35,0.00,-0.19,-1.82,-1.50,-0.23,-3.39,65.77
1035,2474/可成,其他電子,1.00,-0.03,-0.56,-1.08,-0.90,-2.03,-3.60,74.45
1036,9938/百和,其他,-1.23,-0.74,0.02,0.05,-0.26,-1.46,-3.62,52.15
1037,3149/正達,光電,-1.27,1.30,-1.33,0.33,-5.70,3.04,-3.63,30.72
1038,5521/工信,營建,-0.57,-0.43,-0.60,-1.93,0.12,-0.23,-3.64,58.52
1039,2442/新美齊,營建,-2.43,-0.50,0.01,-0.52,0.42,-0.65,-3.67,57.75
1040,1711/永光,化學,-1.24,0.12,1.13,-3.28,-0.20,-0.33,-3.80,43.47
1041,1795/美時,生技醫療業,-1.44,-0.41,-0.47,-1.29,-0.31,-0.02,-3.94,57.37
1042,4949/有成精密,光電,-0.05,0.41,-0.33,-2.18,0.85,-2.72,-4.02,51.98
1043,5258/虹堡,電腦週邊,-0.40,0.07,-0.72,-1.89,-0.26,-0.96,-4.16,49.86
1044,8046/南電,電子零組件,-1.33,0.33,-0.30,-1.82,0.01,-1.07,-4.18,82.13
1045,1727/中華化,化學,0.73,3.68,-4.33,-4.43,3.86,-3.71,-4.20,55.05
1046,3543/州巧,光電,-0.55,-1.36,-0.60,-2.58,0.66,0.21,-4.22,48.52
1047,1528/恩德,電機,-2.40,1.80,-0.73,-2.02,0.93,-1.82,-4.24,32.25
1048,4960/誠美材,光電,2.48,0.66,-0.89,-4.38,-0.22,-1.90,-4.25,63.23
1049,6456G/IS-KY,光電,-2.13,-0.52,-2.32,-0.76,1.07,0.34,-4.32,50.64
1050,9904/寶成,運動,-1.39,-0.78,-0.52,-0.57,-0.48,-0.68,-4.42,74.49
1051,6191/精成科,電子零組件,0.09,-0.93,-0.98,-2.07,-0.35,-0.18,-4.42,54.51
1052,1513/中興電,電機,-0.94,-1.28,-0.77,-0.76,-0.39,-0.28,-4.42,41.76
1053,6753/龍德造船,航運,1.00,-0.93,0.02,-1.76,-1.02,-1.73,-4.42,58.16
1054,3008/大立光,光電,-1.49,-0.57,-1.13,0.01,-0.62,-0.67,-4.47,56.66
1055,4915/致伸,電子零組件,-0.44,-0.23,-0.48,-2.27,0.09,-1.17,-4.50,65.93
1056,5292/華懋,綠能,0.25,-3.46,-0.25,0.01,-0.06,-1.00,-4.51,53.06
1057,3051/力特,光電,-0.56,-1.44,-2.83,0.47,0.82,-1.04,-4.58,33.20
1058,2313/華通,電子零組件,-3.36,0.41,0.35,-1.01,0.51,-1.54,-4.64,63.82
1059,2441/超豐,半導體,-1.19,-0.76,-0.12,-0.79,-1.52,-0.29,-4.67,71.05
1060,8033/雷虎,其他,3.00,-1.15,1.49,-3.88,-2.36,-1.96,-4.86,31.27
1061,8021/尖點,其他電子,-1.22,-1.51,0.16,0.82,-5.28,2.16,-4.87,48.01
1062,3563/牧德,光電,-1.01,-1.14,-1.80,-0.63,2.09,-2.58,-5.07,53.14
1063,4540/全球傳動,電機,3.81,-0.34,-1.23,-4.19,0.86,-4.02,-5.11,37.01
1064,4764/雙鍵,化學,-0.87,-0.97,0.48,-0.30,-1.53,-2.11,-5.30,75.26
1065,2439/美律,通信網路,-1.08,-0.87,-0.87,-0.40,-0.09,-2.00,-5.31,37.12
1066,2449/京元電子,半導體,-1.55,-0.42,1.45,-5.64,-1.62,2.28,-5.50,64.74
1067,3715/定穎投控,電子零組件,-3.76,-0.63,2.31,-1.91,-3.21,1.67,-5.53,33.93
1068,4956/光鋐,光電,0.20,-0.47,-1.01,-5.02,1.80,-1.16,-5.66,38.56
1069,4720/德淵,化學,-0.96,-2.12,0.06,-1.79,-1.56,0.30,-6.07,40.41
1070,2489/瑞軒,光電,0.03,-3.24,-3.67,-2.34,6.74,-3.62,-6.10,36.89
1071,3645/達邁,電子零組件,-5.45,-0.76,-1.11,1.61,-0.81,0.39,-6.13,47.98
1072,1477/聚陽,紡織,-0.33,-0.80,-0.47,-2.09,-1.39,-1.34,-6.42,63.64
1073,6805/富世達,電子零組件,-0.50,0.60,-2.92,-2.20,-0.50,-1.24,-6.76,56.94
1074,3714/富采,光電,-2.97,0.11,-5.00,-0.88,3.19,-1.28,-6.83,42.79
1075,5243/乙盛-KY,光電,-2.07,-4.67,-1.54,-0.58,0.39,0.57,-7.90,62.80
1076,5269/祥碩,半導體,-2.94,-0.33,-1.49,-1.71,-1.93,0.25,-8.15,54.96
1077,2486/一詮,光電,-0.44,0.19,-2.96,0.42,-1.39,-4.01,-8.19,42.26
1078,6213/聯茂,電子零組件,-5.56,0.40,0.20,-3.92,0.42,-0.37,-8.83,56.52
1079,4977/眾達-KY,通信網路,-7.76,-2.18,3.21,-0.16,-2.41,-0.70,-10.00,16.83
1080,8112/至上,電子通路,-2.49,-0.93,0.01,-4.88,-1.63,-1.14,-11.06,38.71
1081,2402/毅嘉,電子零組件,-3.22,-0.83,-1.62,-0.58,0.07,-5.93,-12.11,39.60
1082,4989/榮科,電子零組件,-1.64,-3.12,-8.76,-5.39,-0.68,-0.67,-20.26,28.81
1083,3682/亞太電,通信網路,0.00,0.00,0.00,0.00,0.00,0.00,0.00,0.00
1084,1701/中化,生技醫療業,0.00,0.00,0.00,0.00,0.00,0.00,0.00,0.00
1085,2809/京城銀,金融,0.00,0.00,0.00,0.00,0.00,0.00,0.00,0.00
1086,2888/新光金,金融,0.00,0.00,0.00,0.00,0.00,0.00,0.00,0.00
1087,6288/聯嘉,汽車,0.00,0.00,0.00,0.00,0.00,0.00,0.00,0.00